ARS007	0.8267819	feoB
ARS007	0.8854626	feoA
ARS007	0.9374233	dam
ARS007	0.8473945	nirC
ARS007	0.9098101	crp/YPO0175
ARS007	0.8885794	YPO0348
ARS007	0.8700921	YPO0387
ARS007	0.9019757	YPO0388
ARS007	0.8555133	YPO0389/YPO0392a
ARS007	0.5139623	YPO0391
ARS007	0.7437673	YPO0392
ARS007	0.448583	YPO0393
ARS007	0.7735192	YPO0394
ARS007	0.9137056	YPO0394a
ARS007	0.9150141	YPO0396
ARS007	0.8114334	hmsT
ARS007	0.7456259	YPO0498
ARS007	0.7683653	gspE/YPO0815
ARS007	0.7200772	YPO0862
ARS007	0.8812532	speA
ARS007	0.9000925	speC
ARS007	0.9608434	YPO1119
ARS007	0.9127182	YPO1120
ARS007	0.7901127	YPO1201
ARS007	0.5310559	psaE
ARS007	0.5655738	psaF
ARS007	0.6407563	psaA
ARS007	0.7978076	psaB
ARS007	0.7918822	psaC
ARS007	0.7577696	YadBC/YPO1387
ARS007	0.5594218	YadBC/YPO1388
ARS007	0.8206651	YPO1501
ARS007	0.7207703	phoQ
ARS007	0.8941878	phoP
ARS007	0.6887324	mgtC
ARS007	0.8025194	mgtB
ARS007	0.7780807	inv
ARS007	0.7971301	fyuA/psn
ARS007	0.8689861	high_pathogenicity_island
ARS007	0.8674699	irp5/ybtE
ARS007	0.9452055	irp4/ybtT
ARS007	0.81	irp3/ybtU
ARS007	0.8881045	irp1
ARS007	0.8901261	irp2
ARS007	0.9019812	ybtA
ARS007	0.86404	irp6/ybtP
ARS007	0.7597114	irp7/ybtQ
ARS007	0.9054688	irp8/ybtX
ARS007	0.9248466	ybtS
ARS007	0.6800303	RipA/YPO1926
ARS007	0.7876824	hmsH
ARS007	0.8040574	hmsF
ARS007	0.7353823	hmsR
ARS007	0.8608137	hmsS
ARS007	0.8633093	YPO1956
ARS007	0.8539765	YPO1973/hutC
ARS007	0.7526178	YPO1986-YPO1987
ARS007	0.7936306	znuB
ARS007	0.8245382	znuC
ARS007	0.8169456	znuA
ARS007	0.8690228	msbB
ARS007	0.7153846	YPO2087
ARS007	0.863354	YPO2088
ARS007	0.9556075	YPO2089
ARS007	0.8578513	YPO2090
ARS007	0.7506427	YPO2091
ARS007	0.9413854	YPO2093
ARS007	0.8107719	YPO2096-YPO2135
ARS007	0.7615156	Ugd/YPO2174
ARS007	0.8015022	YPO2258
ARS007	0	filamentous_prophage1
ARS007	0	filamentous_prophage2
ARS007	0	filamentous_prophage3
ARS007	0	filamentous_prophage4
ARS007	0	filamentous_prophage5
ARS007	0	filamentous_prophage6
ARS007	0	filamentous_prophage7
ARS007	0	filamentous_prophage8
ARS007	0	filamentous_prophage9
ARS007	0	filamentous_prophage_1-10
ARS007	0.816156	pspC
ARS007	0.6431718	pspB
ARS007	0.9488722	pspA
ARS007	0.7726218	rovA/slyA
ARS007	0.9025424	lpp
ARS007	0.7167868	yfeA
ARS007	0.8842697	yfeB
ARS007	0.8891402	yfeC
ARS007	0.8432251	yfeD
ARS007	0.5456026	rcsA
ARS007	0.5090361	YPO2469
ARS007	0.5489655	YPO2487-YPO2489
ARS007	0.7456376	rbsA
ARS007	0.8282601	NghA
ARS007	0.8359294	ureD
ARS007	0.9184419	pgm
ARS007	0.8299712	YPO2729
ARS007	0.8577734	YPO2731
ARS007	0	yapC
ARS007	0.6115702	YPO2884
ARS007	0.7226278	ail
ARS007	0.732278	YPO3046-YPO3047
ARS007	0.7716224	YPO3049
ARS007	0.8242678	cyoA
ARS007	0.8608739	cyoB
ARS007	0.8322476	cyoC
ARS007	0.7680723	cyoD
ARS007	0.7842697	cyoE
ARS007	0.7369219	brnQ
ARS007	0.9277108	gmhA
ARS007	0.7674741	HtrA
ARS007	0.8438134	YrbH
ARS007	0.9150863	vasK/YPO3603
ARS007	0.7991905	yapE
ARS007	0.8462946	yhjK
CHC004	0.9460043	feoB
CHC004	1	feoA
CHC004	0.9865031	dam
CHC004	0.9602978	nirC
CHC004	0.9683544	crp/YPO0175
CHC004	0.9881616	YPO0348
CHC004	0.992729	YPO0387
CHC004	0.9992401	YPO0388
CHC004	0.9923955	YPO0389/YPO0392a
CHC004	0.8045283	YPO0391
CHC004	0.7091413	YPO0392
CHC004	0.7522267	YPO0393
CHC004	0.9825784	YPO0394
CHC004	1	YPO0394a
CHC004	0.9964589	YPO0396
CHC004	0.9069966	hmsT
CHC004	0.9757739	YPO0498
CHC004	0.9814692	gspE/YPO0815
CHC004	0.8320463	YPO0862
CHC004	0.9924204	speA
CHC004	0.9995375	speC
CHC004	0.9487952	YPO1119
CHC004	0.9725686	YPO1120
CHC004	0.9856895	YPO1201
CHC004	0.9658385	psaE
CHC004	0.7459016	psaF
CHC004	0.9852941	psaA
CHC004	0.8940316	psaB
CHC004	0.9717469	psaC
CHC004	0.8281536	YadBC/YPO1387
CHC004	0.8731263	YadBC/YPO1388
CHC004	0.9893112	YPO1501
CHC004	0.9903714	phoQ
CHC004	0.9865872	phoP
CHC004	0.9971831	mgtC
CHC004	0.9951834	mgtB
CHC004	0.9784624	inv
CHC004	0.9826819	fyuA/psn
CHC004	0.9534844	high_pathogenicity_island
CHC004	0.9695625	irp5/ybtE
CHC004	0.9937733	irp4/ybtT
CHC004	0.9718182	irp3/ybtU
CHC004	0.9460542	irp1
CHC004	0.965122	irp2
CHC004	0.9937435	ybtA
CHC004	0.9600444	irp6/ybtP
CHC004	0.9311876	irp7/ybtQ
CHC004	0.884375	irp8/ybtX
CHC004	0.982362	ybtS
CHC004	0.9304085	RipA/YPO1926
CHC004	0.9850081	hmsH
CHC004	0.9985156	hmsF
CHC004	0.9572713	hmsR
CHC004	0.9785867	hmsS
CHC004	1	YPO1956
CHC004	1	YPO1973/hutC
CHC004	0.9136125	YPO1986-YPO1987
CHC004	0.9719746	znuB
CHC004	0.96438	znuC
CHC004	1	znuA
CHC004	0.993763	msbB
CHC004	0.9461538	YPO2087
CHC004	1	YPO2088
CHC004	1	YPO2089
CHC004	1	YPO2090
CHC004	0.9974293	YPO2091
CHC004	1	YPO2093
CHC004	0.9868336	YPO2096-YPO2135
CHC004	0.9591382	Ugd/YPO2174
CHC004	0.9731759	YPO2258
CHC004	0	filamentous_prophage1
CHC004	0	filamentous_prophage2
CHC004	0	filamentous_prophage3
CHC004	0	filamentous_prophage4
CHC004	0	filamentous_prophage5
CHC004	0	filamentous_prophage6
CHC004	0	filamentous_prophage7
CHC004	0	filamentous_prophage8
CHC004	0	filamentous_prophage9
CHC004	0	filamentous_prophage_1-10
CHC004	0.9888579	pspC
CHC004	1	pspB
CHC004	1	pspA
CHC004	1	rovA/slyA
CHC004	0.9915254	lpp
CHC004	0.9979402	yfeA
CHC004	0.9213483	yfeB
CHC004	0.9785068	yfeC
CHC004	0.9619261	yfeD
CHC004	0.9283388	rcsA
CHC004	1	YPO2469
CHC004	0.9282759	YPO2487-YPO2489
CHC004	0.9959732	rbsA
CHC004	0.9879745	NghA
CHC004	0.9906542	ureD
CHC004	0.982958	pgm
CHC004	1	YPO2729
CHC004	0.9553703	YPO2731
CHC004	0	yapC
CHC004	0.9247934	YPO2884
CHC004	0.9781022	ail
CHC004	0.985203	YPO3046-YPO3047
CHC004	0.9836066	YPO3049
CHC004	0.9853557	cyoA
CHC004	0.9753892	cyoB
CHC004	0.9918567	cyoC
CHC004	1	cyoD
CHC004	0.9853933	cyoE
CHC004	0.9469295	brnQ
CHC004	0.9827883	gmhA
CHC004	0.9785467	HtrA
CHC004	0.9604462	YrbH
CHC004	0.9793377	vasK/YPO3603
CHC004	0.9797634	yapE
CHC004	0.9890211	yhjK
CO92	1	feoB
CO92	1	feoA
CO92	1	dam
CO92	1	nirC
CO92	1	crp/YPO0175
CO92	1	YPO0348
CO92	1	YPO0387
CO92	1	YPO0388
CO92	1	YPO0389/YPO0392a
CO92	1	YPO0391
CO92	1	YPO0392
CO92	1	YPO0393
CO92	1	YPO0394
CO92	1	YPO0394a
CO92	1	YPO0396
CO92	1	hmsT
CO92	1	YPO0498
CO92	1	gspE/YPO0815
CO92	1	YPO0862
CO92	1	speA
CO92	1	speC
CO92	1	YPO1119
CO92	1	YPO1120
CO92	1	YPO1201
CO92	1	psaE
CO92	1	psaF
CO92	1	psaA
CO92	1	psaB
CO92	1	psaC
CO92	1	YadBC/YPO1387
CO92	1	YadBC/YPO1388
CO92	1	YPO1501
CO92	1	phoQ
CO92	1	phoP
CO92	1	mgtC
CO92	1	mgtB
CO92	1	inv
CO92	1	fyuA/psn
CO92	1	high_pathogenicity_island
CO92	1	irp5/ybtE
CO92	1	irp4/ybtT
CO92	1	irp3/ybtU
CO92	1	irp1
CO92	1	irp2
CO92	1	ybtA
CO92	1	irp6/ybtP
CO92	1	irp7/ybtQ
CO92	1	irp8/ybtX
CO92	1	ybtS
CO92	1	RipA/YPO1926
CO92	1	hmsH
CO92	1	hmsF
CO92	1	hmsR
CO92	1	hmsS
CO92	1	YPO1956
CO92	1	YPO1973/hutC
CO92	1	YPO1986-YPO1987
CO92	1	znuB
CO92	1	znuC
CO92	1	znuA
CO92	1	msbB
CO92	1	YPO2087
CO92	1	YPO2088
CO92	1	YPO2089
CO92	1	YPO2090
CO92	1	YPO2091
CO92	1	YPO2093
CO92	1	YPO2096-YPO2135
CO92	1	Ugd/YPO2174
CO92	1	YPO2258
CO92	1	filamentous_prophage1
CO92	1	filamentous_prophage2
CO92	1	filamentous_prophage3
CO92	1	filamentous_prophage4
CO92	1	filamentous_prophage5
CO92	1	filamentous_prophage6
CO92	1	filamentous_prophage7
CO92	1	filamentous_prophage8
CO92	1	filamentous_prophage9
CO92	1	filamentous_prophage_1-10
CO92	1	pspC
CO92	1	pspB
CO92	1	pspA
CO92	1	rovA/slyA
CO92	1	lpp
CO92	1	yfeA
CO92	1	yfeB
CO92	1	yfeC
CO92	1	yfeD
CO92	1	rcsA
CO92	1	YPO2469
CO92	1	YPO2487-YPO2489
CO92	1	rbsA
CO92	1	NghA
CO92	1	ureD
CO92	1	pgm
CO92	1	YPO2729
CO92	1	YPO2731
CO92	1	yapC
CO92	1	YPO2884
CO92	1	ail
CO92	1	YPO3046-YPO3047
CO92	1	YPO3049
CO92	1	cyoA
CO92	1	cyoB
CO92	1	cyoC
CO92	1	cyoD
CO92	1	cyoE
CO92	1	brnQ
CO92	1	gmhA
CO92	1	HtrA
CO92	1	YrbH
CO92	1	vasK/YPO3603
CO92	1	yapE
CO92	1	yhjK
GEN_72	0.9978402	feoB
GEN_72	1	feoA
GEN_72	1	dam
GEN_72	1	nirC
GEN_72	1	crp/YPO0175
GEN_72	1	YPO0348
GEN_72	0.987397	YPO0387
GEN_72	0.993921	YPO0388
GEN_72	0.9809886	YPO0389/YPO0392a
GEN_72	0.7501887	YPO0391
GEN_72	0.8905817	YPO0392
GEN_72	0.7068826	YPO0393
GEN_72	1	YPO0394
GEN_72	1	YPO0394a
GEN_72	1	YPO0396
GEN_72	0.8959044	hmsT
GEN_72	0.8358008	YPO0498
GEN_72	0.9880874	gspE/YPO0815
GEN_72	0.7548262	YPO0862
GEN_72	1	speA
GEN_72	0.9888992	speC
GEN_72	1	YPO1119
GEN_72	1	YPO1120
GEN_72	1	YPO1201
GEN_72	1	psaE
GEN_72	0.7745901	psaF
GEN_72	1	psaA
GEN_72	0.7807552	psaB
GEN_72	0.9705531	psaC
GEN_72	0.9652651	YadBC/YPO1387
GEN_72	0.8918629	YadBC/YPO1388
GEN_72	1	YPO1501
GEN_72	0.9965612	phoQ
GEN_72	1	phoP
GEN_72	1	mgtC
GEN_72	0.9940719	mgtB
GEN_72	0.9623773	inv
GEN_72	0.9980208	fyuA/psn
GEN_72	0.9830379	high_pathogenicity_island
GEN_72	0.9987318	irp5/ybtE
GEN_72	1	irp4/ybtT
GEN_72	0.9545454	irp3/ybtU
GEN_72	0.984617	irp1
GEN_72	0.9906664	irp2
GEN_72	0.9968718	ybtA
GEN_72	0.9877914	irp6/ybtP
GEN_72	0.9300777	irp7/ybtQ
GEN_72	0.9773437	irp8/ybtX
GEN_72	0.9854295	ybtS
GEN_72	1	RipA/YPO1926
GEN_72	1	hmsH
GEN_72	0.9980208	hmsF
GEN_72	0.9992504	hmsR
GEN_72	1	hmsS
GEN_72	1	YPO1956
GEN_72	1	YPO1973/hutC
GEN_72	0.9057592	YPO1986-YPO1987
GEN_72	1	znuB
GEN_72	1	znuC
GEN_72	1	znuA
GEN_72	1	msbB
GEN_72	1	YPO2087
GEN_72	1	YPO2088
GEN_72	1	YPO2089
GEN_72	1	YPO2090
GEN_72	1	YPO2091
GEN_72	1	YPO2093
GEN_72	0.9882115	YPO2096-YPO2135
GEN_72	0.98737	Ugd/YPO2174
GEN_72	1	YPO2258
GEN_72	0	filamentous_prophage1
GEN_72	0	filamentous_prophage2
GEN_72	0	filamentous_prophage3
GEN_72	0	filamentous_prophage4
GEN_72	0	filamentous_prophage5
GEN_72	0	filamentous_prophage6
GEN_72	0	filamentous_prophage7
GEN_72	0	filamentous_prophage8
GEN_72	0	filamentous_prophage9
GEN_72	0	filamentous_prophage_1-10
GEN_72	1	pspC
GEN_72	1	pspB
GEN_72	1	pspA
GEN_72	0.9791183	rovA/slyA
GEN_72	1	lpp
GEN_72	0.9721936	yfeA
GEN_72	1	yfeB
GEN_72	1	yfeC
GEN_72	1	yfeD
GEN_72	0.9364821	rcsA
GEN_72	1	YPO2469
GEN_72	0.8041379	YPO2487-YPO2489
GEN_72	0.990604	rbsA
GEN_72	1	NghA
GEN_72	1	ureD
GEN_72	0.9835666	pgm
GEN_72	1	YPO2729
GEN_72	0.9847965	YPO2731
GEN_72	0.9942589	yapC
GEN_72	0.7921488	YPO2884
GEN_72	0.9854015	ail
GEN_72	0.9779766	YPO3046-YPO3047
GEN_72	0.9966083	YPO3049
GEN_72	0.9958159	cyoA
GEN_72	1	cyoB
GEN_72	0.9918567	cyoC
GEN_72	1	cyoD
GEN_72	1	cyoE
GEN_72	1	brnQ
GEN_72	1	gmhA
GEN_72	1	HtrA
GEN_72	1	YrbH
GEN_72	0.9949052	vasK/YPO3603
GEN_72	0.9984434	yapE
GEN_72	1	yhjK
GLZ001	0.9688985	feoB
GLZ001	1	feoA
GLZ001	1	dam
GLZ001	1	nirC
GLZ001	1	crp/YPO0175
GLZ001	1	YPO0348
GLZ001	1	YPO0387
GLZ001	0.9908814	YPO0388
GLZ001	0.9809886	YPO0389/YPO0392a
GLZ001	0.725283	YPO0391
GLZ001	0.7728532	YPO0392
GLZ001	0.6769231	YPO0393
GLZ001	1	YPO0394
GLZ001	0.9035533	YPO0394a
GLZ001	0.9745042	YPO0396
GLZ001	0.9590444	hmsT
GLZ001	0.9919246	YPO0498
GLZ001	0.989411	gspE/YPO0815
GLZ001	0.8011583	YPO0862
GLZ001	1	speA
GLZ001	1	speC
GLZ001	1	YPO1119
GLZ001	1	YPO1120
GLZ001	0.9986991	YPO1201
GLZ001	0.9472049	psaE
GLZ001	0.7581967	psaF
GLZ001	0.8571429	psaA
GLZ001	0.8708892	psaB
GLZ001	0.9964186	psaC
GLZ001	0.8601462	YadBC/YPO1387
GLZ001	0.8961456	YadBC/YPO1388
GLZ001	1	YPO1501
GLZ001	0.9965612	phoQ
GLZ001	1	phoP
GLZ001	0.9521127	mgtC
GLZ001	0.9874027	mgtB
GLZ001	0.7802617	inv
GLZ001	0.9955468	fyuA/psn
GLZ001	0.9879635	high_pathogenicity_island
GLZ001	1	irp5/ybtE
GLZ001	1	irp4/ybtT
GLZ001	0.9436364	irp3/ybtU
GLZ001	0.9853545	irp1
GLZ001	0.9977075	irp2
GLZ001	1	ybtA
GLZ001	0.9933407	irp6/ybtP
GLZ001	0.9766926	irp7/ybtQ
GLZ001	0.9671875	irp8/ybtX
GLZ001	1	ybtS
GLZ001	0.9939486	RipA/YPO1926
GLZ001	1	hmsH
GLZ001	0.997526	hmsF
GLZ001	0.9887556	hmsR
GLZ001	0.980728	hmsS
GLZ001	1	YPO1956
GLZ001	1	YPO1973/hutC
GLZ001	0.9149215	YPO1986-YPO1987
GLZ001	0.9987261	znuB
GLZ001	0.9920844	znuC
GLZ001	0.9895397	znuA
GLZ001	0.997921	msbB
GLZ001	1	YPO2087
GLZ001	1	YPO2088
GLZ001	1	YPO2089
GLZ001	1	YPO2090
GLZ001	1	YPO2091
GLZ001	1	YPO2093
GLZ001	0.9323923	YPO2096-YPO2135
GLZ001	0.9739971	Ugd/YPO2174
GLZ001	0.9549356	YPO2258
GLZ001	0	filamentous_prophage1
GLZ001	0	filamentous_prophage2
GLZ001	0	filamentous_prophage3
GLZ001	0	filamentous_prophage4
GLZ001	0	filamentous_prophage5
GLZ001	0	filamentous_prophage6
GLZ001	0	filamentous_prophage7
GLZ001	0	filamentous_prophage8
GLZ001	0	filamentous_prophage9
GLZ001	0	filamentous_prophage_1-10
GLZ001	1	pspC
GLZ001	1	pspB
GLZ001	1	pspA
GLZ001	0.9791183	rovA/slyA
GLZ001	0.9872881	lpp
GLZ001	0.9948507	yfeA
GLZ001	1	yfeB
GLZ001	1	yfeC
GLZ001	1	yfeD
GLZ001	0.8908795	rcsA
GLZ001	1	YPO2469
GLZ001	0.8882759	YPO2487-YPO2489
GLZ001	0.9993289	rbsA
GLZ001	0.9996242	NghA
GLZ001	0.9823468	ureD
GLZ001	0.9726111	pgm
GLZ001	0.9711816	YPO2729
GLZ001	0.980873	YPO2731
GLZ001	1	yapC
GLZ001	0.8685951	YPO2884
GLZ001	1	ail
GLZ001	0.9831383	YPO3046-YPO3047
GLZ001	1	YPO3049
GLZ001	1	cyoA
GLZ001	1	cyoB
GLZ001	1	cyoC
GLZ001	1	cyoD
GLZ001	1	cyoE
GLZ001	0.9909022	brnQ
GLZ001	0.9965577	gmhA
GLZ001	0.9944637	HtrA
GLZ001	1	YrbH
GLZ001	1	vasK/YPO3603
GLZ001	0.989726	yapE
GLZ001	0.9903934	yhjK
GLZ002	1	feoB
GLZ002	1	feoA
GLZ002	1	dam
GLZ002	1	nirC
GLZ002	1	crp/YPO0175
GLZ002	1	YPO0348
GLZ002	0.9898207	YPO0387
GLZ002	1	YPO0388
GLZ002	1	YPO0389/YPO0392a
GLZ002	0.8807547	YPO0391
GLZ002	0.898892	YPO0392
GLZ002	0.871255	YPO0393
GLZ002	1	YPO0394
GLZ002	0.928934	YPO0394a
GLZ002	0.9858357	YPO0396
GLZ002	0.9709898	hmsT
GLZ002	1	YPO0498
GLZ002	0.9973527	gspE/YPO0815
GLZ002	0.9594595	YPO0862
GLZ002	1	speA
GLZ002	1	speC
GLZ002	1	YPO1119
GLZ002	1	YPO1120
GLZ002	1	YPO1201
GLZ002	0.9860249	psaE
GLZ002	0.9467213	psaF
GLZ002	1	psaA
GLZ002	0.8879415	psaB
GLZ002	0.9992042	psaC
GLZ002	1	YadBC/YPO1387
GLZ002	0.9405782	YadBC/YPO1388
GLZ002	1	YPO1501
GLZ002	1	phoQ
GLZ002	1	phoP
GLZ002	1	mgtC
GLZ002	1	mgtB
GLZ002	0.7988004	inv
GLZ002	1	fyuA/psn
GLZ002	0.9956294	high_pathogenicity_island
GLZ002	1	irp5/ybtE
GLZ002	1	irp4/ybtT
GLZ002	0.9681818	irp3/ybtU
GLZ002	0.9970498	irp1
GLZ002	0.9981988	irp2
GLZ002	1	ybtA
GLZ002	0.990566	irp6/ybtP
GLZ002	0.9988901	irp7/ybtQ
GLZ002	0.9992188	irp8/ybtX
GLZ002	1	ybtS
GLZ002	1	RipA/YPO1926
GLZ002	1	hmsH
GLZ002	1	hmsF
GLZ002	0.9925038	hmsR
GLZ002	1	hmsS
GLZ002	1	YPO1956
GLZ002	1	YPO1973/hutC
GLZ002	0.9703316	YPO1986-YPO1987
GLZ002	1	znuB
GLZ002	1	znuC
GLZ002	1	znuA
GLZ002	1	msbB
GLZ002	1	YPO2087
GLZ002	1	YPO2088
GLZ002	1	YPO2089
GLZ002	1	YPO2090
GLZ002	1	YPO2091
GLZ002	1	YPO2093
GLZ002	0.9363728	YPO2096-YPO2135
GLZ002	1	Ugd/YPO2174
GLZ002	1	YPO2258
GLZ002	0	filamentous_prophage1
GLZ002	0	filamentous_prophage2
GLZ002	0	filamentous_prophage3
GLZ002	0	filamentous_prophage4
GLZ002	0	filamentous_prophage5
GLZ002	0	filamentous_prophage6
GLZ002	0	filamentous_prophage7
GLZ002	0	filamentous_prophage8
GLZ002	0	filamentous_prophage9
GLZ002	0	filamentous_prophage_1-10
GLZ002	1	pspC
GLZ002	1	pspB
GLZ002	1	pspA
GLZ002	0.9675174	rovA/slyA
GLZ002	0.970339	lpp
GLZ002	1	yfeA
GLZ002	1	yfeB
GLZ002	1	yfeC
GLZ002	1	yfeD
GLZ002	0.9592834	rcsA
GLZ002	1	YPO2469
GLZ002	0.9724138	YPO2487-YPO2489
GLZ002	1	rbsA
GLZ002	1	NghA
GLZ002	1	ureD
GLZ002	0.9872185	pgm
GLZ002	1	YPO2729
GLZ002	1	YPO2731
GLZ002	1	yapC
GLZ002	0.9690083	YPO2884
GLZ002	1	ail
GLZ002	0.99415	YPO3046-YPO3047
GLZ002	1	YPO3049
GLZ002	1	cyoA
GLZ002	1	cyoB
GLZ002	1	cyoC
GLZ002	1	cyoD
GLZ002	1	cyoE
GLZ002	1	brnQ
GLZ002	1	gmhA
GLZ002	1	HtrA
GLZ002	1	YrbH
GLZ002	1	vasK/YPO3603
GLZ002	1	yapE
GLZ002	1	yhjK
GRS004	1	feoB
GRS004	1	feoA
GRS004	1	dam
GRS004	1	nirC
GRS004	1	crp/YPO0175
GRS004	1	YPO0348
GRS004	1	YPO0387
GRS004	1	YPO0388
GRS004	1	YPO0389/YPO0392a
GRS004	0.9803774	YPO0391
GRS004	0.9390582	YPO0392
GRS004	0.9052632	YPO0393
GRS004	1	YPO0394
GRS004	1	YPO0394a
GRS004	1	YPO0396
GRS004	1	hmsT
GRS004	1	YPO0498
GRS004	1	gspE/YPO0815
GRS004	0.9555985	YPO0862
GRS004	0.9969682	speA
GRS004	1	speC
GRS004	1	YPO1119
GRS004	1	YPO1120
GRS004	1	YPO1201
GRS004	1	psaE
GRS004	0.9836066	psaF
GRS004	0.9390756	psaA
GRS004	0.9939099	psaB
GRS004	0.9808993	psaC
GRS004	1	YadBC/YPO1387
GRS004	0.9009636	YadBC/YPO1388
GRS004	0.9857482	YPO1501
GRS004	1	phoQ
GRS004	1	phoP
GRS004	1	mgtC
GRS004	1	mgtB
GRS004	0.9869139	inv
GRS004	0.9995052	fyuA/psn
GRS004	0.9930279	high_pathogenicity_island
GRS004	1	irp5/ybtE
GRS004	1	irp4/ybtT
GRS004	0.9936364	irp3/ybtU
GRS004	0.99273	irp1
GRS004	0.9939414	irp2
GRS004	1	ybtA
GRS004	0.9950055	irp6/ybtP
GRS004	0.9894562	irp7/ybtQ
GRS004	0.9789063	irp8/ybtX
GRS004	1	ybtS
GRS004	1	RipA/YPO1926
GRS004	1	hmsH
GRS004	1	hmsF
GRS004	1	hmsR
GRS004	1	hmsS
GRS004	1	YPO1956
GRS004	1	YPO1973/hutC
GRS004	0.9982548	YPO1986-YPO1987
GRS004	0.9757962	znuB
GRS004	1	znuC
GRS004	1	znuA
GRS004	1	msbB
GRS004	1	YPO2087
GRS004	1	YPO2088
GRS004	1	YPO2089
GRS004	1	YPO2090
GRS004	1	YPO2091
GRS004	1	YPO2093
GRS004	0.998071	YPO2096-YPO2135
GRS004	1	Ugd/YPO2174
GRS004	1	YPO2258
GRS004	0	filamentous_prophage1
GRS004	0	filamentous_prophage2
GRS004	0	filamentous_prophage3
GRS004	0	filamentous_prophage4
GRS004	0	filamentous_prophage5
GRS004	0	filamentous_prophage6
GRS004	0	filamentous_prophage7
GRS004	0	filamentous_prophage8
GRS004	0	filamentous_prophage9
GRS004	0	filamentous_prophage_1-10
GRS004	1	pspC
GRS004	1	pspB
GRS004	1	pspA
GRS004	1	rovA/slyA
GRS004	1	lpp
GRS004	1	yfeA
GRS004	1	yfeB
GRS004	1	yfeC
GRS004	1	yfeD
GRS004	1	rcsA
GRS004	1	YPO2469
GRS004	1	YPO2487-YPO2489
GRS004	1	rbsA
GRS004	1	NghA
GRS004	1	ureD
GRS004	0.9926963	pgm
GRS004	1	YPO2729
GRS004	1	YPO2731
GRS004	1	yapC
GRS004	0.9826446	YPO2884
GRS004	1	ail
GRS004	0.9962147	YPO3046-YPO3047
GRS004	1	YPO3049
GRS004	1	cyoA
GRS004	1	cyoB
GRS004	1	cyoC
GRS004	1	cyoD
GRS004	1	cyoE
GRS004	1	brnQ
GRS004	1	gmhA
GRS004	1	HtrA
GRS004	1	YrbH
GRS004	1	vasK/YPO3603
GRS004	1	yapE
GRS004	1	yhjK
Gyvakarai	1	feoB
Gyvakarai	1	feoA
Gyvakarai	1	dam
Gyvakarai	1	nirC
Gyvakarai	0.988924	crp/YPO0175
Gyvakarai	1	YPO0348
Gyvakarai	0.974794	YPO0387
Gyvakarai	1	YPO0388
Gyvakarai	0.8935362	YPO0389/YPO0392a
Gyvakarai	1	YPO0391
Gyvakarai	1	YPO0392
Gyvakarai	0.9700405	YPO0393
Gyvakarai	1	YPO0394
Gyvakarai	1	YPO0394a
Gyvakarai	1	YPO0396
Gyvakarai	0.9854949	hmsT
Gyvakarai	1	YPO0498
Gyvakarai	1	gspE/YPO0815
Gyvakarai	1	YPO0862
Gyvakarai	0.9807984	speA
Gyvakarai	0.9962997	speC
Gyvakarai	1	YPO1119
Gyvakarai	0.9925187	YPO1120
Gyvakarai	1	YPO1201
Gyvakarai	0.984472	psaE
Gyvakarai	1	psaF
Gyvakarai	0.9726891	psaA
Gyvakarai	0.9890378	psaB
Gyvakarai	0.9785118	psaC
Gyvakarai	1	YadBC/YPO1387
Gyvakarai	0.9866167	YadBC/YPO1388
Gyvakarai	1	YPO1501
Gyvakarai	1	phoQ
Gyvakarai	0.9821162	phoP
Gyvakarai	0.9943662	mgtC
Gyvakarai	0.9918488	mgtB
Gyvakarai	0.9926391	inv
Gyvakarai	0.9915883	fyuA/psn
Gyvakarai	0.9964619	high_pathogenicity_island
Gyvakarai	0.9993659	irp5/ybtE
Gyvakarai	1	irp4/ybtT
Gyvakarai	1	irp3/ybtU
Gyvakarai	0.9997893	irp1
Gyvakarai	0.9972163	irp2
Gyvakarai	1	ybtA
Gyvakarai	0.9866815	irp6/ybtP
Gyvakarai	0.9872364	irp7/ybtQ
Gyvakarai	1	irp8/ybtX
Gyvakarai	0.9961656	ybtS
Gyvakarai	1	RipA/YPO1926
Gyvakarai	0.9906807	hmsH
Gyvakarai	0.9905987	hmsF
Gyvakarai	0.988006	hmsR
Gyvakarai	1	hmsS
Gyvakarai	0.9928058	YPO1956
Gyvakarai	1	YPO1973/hutC
Gyvakarai	0.9965096	YPO1986-YPO1987
Gyvakarai	0.9528663	znuB
Gyvakarai	1	znuC
Gyvakarai	1	znuA
Gyvakarai	1	msbB
Gyvakarai	1	YPO2087
Gyvakarai	0.9984472	YPO2088
Gyvakarai	1	YPO2089
Gyvakarai	1	YPO2090
Gyvakarai	1	YPO2091
Gyvakarai	1	YPO2093
Gyvakarai	0.9909673	YPO2096-YPO2135
Gyvakarai	0.9992571	Ugd/YPO2174
Gyvakarai	1	YPO2258
Gyvakarai	0	filamentous_prophage1
Gyvakarai	0	filamentous_prophage2
Gyvakarai	0	filamentous_prophage3
Gyvakarai	0	filamentous_prophage4
Gyvakarai	0	filamentous_prophage5
Gyvakarai	0	filamentous_prophage6
Gyvakarai	0	filamentous_prophage7
Gyvakarai	0	filamentous_prophage8
Gyvakarai	0	filamentous_prophage9
Gyvakarai	0	filamentous_prophage_1-10
Gyvakarai	0.9916434	pspC
Gyvakarai	1	pspB
Gyvakarai	0.9984962	pspA
Gyvakarai	1	rovA/slyA
Gyvakarai	1	lpp
Gyvakarai	1	yfeA
Gyvakarai	1	yfeB
Gyvakarai	1	yfeC
Gyvakarai	1	yfeD
Gyvakarai	0.9527687	rcsA
Gyvakarai	1	YPO2469
Gyvakarai	1	YPO2487-YPO2489
Gyvakarai	1	rbsA
Gyvakarai	0.9936114	NghA
Gyvakarai	0.9958463	ureD
Gyvakarai	0.9963481	pgm
Gyvakarai	1	YPO2729
Gyvakarai	1	YPO2731
Gyvakarai	0.9984342	yapC
Gyvakarai	0.9904959	YPO2884
Gyvakarai	1	ail
Gyvakarai	0.9814178	YPO3046-YPO3047
Gyvakarai	0.9892595	YPO3049
Gyvakarai	1	cyoA
Gyvakarai	0.9693621	cyoB
Gyvakarai	1	cyoC
Gyvakarai	1	cyoD
Gyvakarai	1	cyoE
Gyvakarai	0.9871114	brnQ
Gyvakarai	0.9586919	gmhA
Gyvakarai	0.9958478	HtrA
Gyvakarai	0.9918864	YrbH
Gyvakarai	0.9980187	vasK/YPO3603
Gyvakarai	0.9919053	yapE
Gyvakarai	0.9981702	yhjK
HOP001	1	feoB
HOP001	1	feoA
HOP001	1	dam
HOP001	1	nirC
HOP001	1	crp/YPO0175
HOP001	1	YPO0348
HOP001	1	YPO0387
HOP001	1	YPO0388
HOP001	1	YPO0389/YPO0392a
HOP001	0.9690566	YPO0391
HOP001	0.9639889	YPO0392
HOP001	0.891498	YPO0393
HOP001	1	YPO0394
HOP001	1	YPO0394a
HOP001	1	YPO0396
HOP001	1	hmsT
HOP001	1	YPO0498
HOP001	1	gspE/YPO0815
HOP001	0.9111969	YPO0862
HOP001	1	speA
HOP001	1	speC
HOP001	1	YPO1119
HOP001	1	YPO1120
HOP001	1	YPO1201
HOP001	1	psaE
HOP001	0.9651639	psaF
HOP001	1	psaA
HOP001	0.9500609	psaB
HOP001	0.9908476	psaC
HOP001	1	YadBC/YPO1387
HOP001	1	YadBC/YPO1388
HOP001	1	YPO1501
HOP001	1	phoQ
HOP001	1	phoP
HOP001	1	mgtC
HOP001	1	mgtB
HOP001	0.9929117	inv
HOP001	1	fyuA/psn
HOP001	0.9996878	high_pathogenicity_island
HOP001	1	irp5/ybtE
HOP001	1	irp4/ybtT
HOP001	1	irp3/ybtU
HOP001	0.9993678	irp1
HOP001	1	irp2
HOP001	1	ybtA
HOP001	1	irp6/ybtP
HOP001	1	irp7/ybtQ
HOP001	1	irp8/ybtX
HOP001	1	ybtS
HOP001	1	RipA/YPO1926
HOP001	1	hmsH
HOP001	1	hmsF
HOP001	1	hmsR
HOP001	1	hmsS
HOP001	1	YPO1956
HOP001	1	YPO1973/hutC
HOP001	0.960733	YPO1986-YPO1987
HOP001	1	znuB
HOP001	1	znuC
HOP001	1	znuA
HOP001	1	msbB
HOP001	1	YPO2087
HOP001	1	YPO2088
HOP001	1	YPO2089
HOP001	1	YPO2090
HOP001	1	YPO2091
HOP001	1	YPO2093
HOP001	0.9996632	YPO2096-YPO2135
HOP001	1	Ugd/YPO2174
HOP001	1	YPO2258
HOP001	0	filamentous_prophage1
HOP001	0	filamentous_prophage2
HOP001	0	filamentous_prophage3
HOP001	0	filamentous_prophage4
HOP001	0	filamentous_prophage5
HOP001	0	filamentous_prophage6
HOP001	0	filamentous_prophage7
HOP001	0	filamentous_prophage8
HOP001	0	filamentous_prophage9
HOP001	0	filamentous_prophage_1-10
HOP001	1	pspC
HOP001	1	pspB
HOP001	1	pspA
HOP001	1	rovA/slyA
HOP001	1	lpp
HOP001	1	yfeA
HOP001	1	yfeB
HOP001	1	yfeC
HOP001	1	yfeD
HOP001	1	rcsA
HOP001	1	YPO2469
HOP001	1	YPO2487-YPO2489
HOP001	1	rbsA
HOP001	1	NghA
HOP001	1	ureD
HOP001	1	pgm
HOP001	1	YPO2729
HOP001	1	YPO2731
HOP001	0	yapC
HOP001	0.9764463	YPO2884
HOP001	1	ail
HOP001	1	YPO3046-YPO3047
HOP001	1	YPO3049
HOP001	1	cyoA
HOP001	1	cyoB
HOP001	1	cyoC
HOP001	1	cyoD
HOP001	1	cyoE
HOP001	1	brnQ
HOP001	1	gmhA
HOP001	1	HtrA
HOP001	1	YrbH
HOP001	1	vasK/YPO3603
HOP001	1	yapE
HOP001	0.9995425	yhjK
HOP004	1	feoB
HOP004	1	feoA
HOP004	1	dam
HOP004	1	nirC
HOP004	1	crp/YPO0175
HOP004	1	YPO0348
HOP004	1	YPO0387
HOP004	1	YPO0388
HOP004	1	YPO0389/YPO0392a
HOP004	0.9977359	YPO0391
HOP004	0.9958449	YPO0392
HOP004	0.9595141	YPO0393
HOP004	1	YPO0394
HOP004	1	YPO0394a
HOP004	1	YPO0396
HOP004	1	hmsT
HOP004	1	YPO0498
HOP004	1	gspE/YPO0815
HOP004	0.976834	YPO0862
HOP004	1	speA
HOP004	1	speC
HOP004	1	YPO1119
HOP004	1	YPO1120
HOP004	1	YPO1201
HOP004	0.9860249	psaE
HOP004	1	psaF
HOP004	0.9915966	psaA
HOP004	0.9208283	psaB
HOP004	0.9956228	psaC
HOP004	1	YadBC/YPO1387
HOP004	0.9817987	YadBC/YPO1388
HOP004	1	YPO1501
HOP004	1	phoQ
HOP004	1	phoP
HOP004	1	mgtC
HOP004	1	mgtB
HOP004	0.9877318	inv
HOP004	1	fyuA/psn
HOP004	1	high_pathogenicity_island
HOP004	1	irp5/ybtE
HOP004	1	irp4/ybtT
HOP004	1	irp3/ybtU
HOP004	1	irp1
HOP004	1	irp2
HOP004	1	ybtA
HOP004	1	irp6/ybtP
HOP004	1	irp7/ybtQ
HOP004	1	irp8/ybtX
HOP004	1	ybtS
HOP004	1	RipA/YPO1926
HOP004	1	hmsH
HOP004	1	hmsF
HOP004	1	hmsR
HOP004	1	hmsS
HOP004	1	YPO1956
HOP004	1	YPO1973/hutC
HOP004	1	YPO1986-YPO1987
HOP004	1	znuB
HOP004	1	znuC
HOP004	1	znuA
HOP004	1	msbB
HOP004	1	YPO2087
HOP004	1	YPO2088
HOP004	1	YPO2089
HOP004	1	YPO2090
HOP004	1	YPO2091
HOP004	1	YPO2093
HOP004	0.9999081	YPO2096-YPO2135
HOP004	1	Ugd/YPO2174
HOP004	1	YPO2258
HOP004	0	filamentous_prophage1
HOP004	0	filamentous_prophage2
HOP004	0	filamentous_prophage3
HOP004	0	filamentous_prophage4
HOP004	0	filamentous_prophage5
HOP004	0	filamentous_prophage6
HOP004	0	filamentous_prophage7
HOP004	0	filamentous_prophage8
HOP004	0	filamentous_prophage9
HOP004	0	filamentous_prophage_1-10
HOP004	1	pspC
HOP004	1	pspB
HOP004	1	pspA
HOP004	1	rovA/slyA
HOP004	1	lpp
HOP004	1	yfeA
HOP004	1	yfeB
HOP004	1	yfeC
HOP004	1	yfeD
HOP004	0.9983714	rcsA
HOP004	1	YPO2469
HOP004	1	YPO2487-YPO2489
HOP004	1	rbsA
HOP004	1	NghA
HOP004	1	ureD
HOP004	1	pgm
HOP004	1	YPO2729
HOP004	1	YPO2731
HOP004	0	yapC
HOP004	0.973967	YPO2884
HOP004	1	ail
HOP004	0.9982794	YPO3046-YPO3047
HOP004	1	YPO3049
HOP004	1	cyoA
HOP004	1	cyoB
HOP004	1	cyoC
HOP004	1	cyoD
HOP004	1	cyoE
HOP004	1	brnQ
HOP004	1	gmhA
HOP004	1	HtrA
HOP004	1	YrbH
HOP004	1	vasK/YPO3603
HOP004	1	yapE
HOP004	1	yhjK
I2470	1	feoB
I2470	1	feoA
I2470	1	dam
I2470	1	nirC
I2470	1	crp/YPO0175
I2470	1	YPO0348
I2470	0.9956374	YPO0387
I2470	0.9946808	YPO0388
I2470	1	YPO0389/YPO0392a
I2470	0.7977359	YPO0391
I2470	0.966759	YPO0392
I2470	0.8259109	YPO0393
I2470	1	YPO0394
I2470	1	YPO0394a
I2470	1	YPO0396
I2470	1	hmsT
I2470	0.9784657	YPO0498
I2470	0.9986764	gspE/YPO0815
I2470	0.8629344	YPO0862
I2470	1	speA
I2470	0.987049	speC
I2470	1	YPO1119
I2470	1	YPO1120
I2470	1	YPO1201
I2470	0.9736025	psaE
I2470	0.8770492	psaF
I2470	0.9768907	psaA
I2470	0.866017	psaB
I2470	0.9888579	psaC
I2470	0.9533821	YadBC/YPO1387
I2470	0.888651	YadBC/YPO1388
I2470	0.9988124	YPO1501
I2470	1	phoQ
I2470	1	phoP
I2470	1	mgtC
I2470	0.973694	mgtB
I2470	0.9599237	inv
I2470	1	fyuA/psn
I2470	0.9841132	high_pathogenicity_island
I2470	0.972733	irp5/ybtE
I2470	1	irp4/ybtT
I2470	0.9936364	irp3/ybtU
I2470	0.9832473	irp1
I2470	0.9905027	irp2
I2470	1	ybtA
I2470	0.990566	irp6/ybtP
I2470	0.9556049	irp7/ybtQ
I2470	0.9882812	irp8/ybtX
I2470	1	ybtS
I2470	1	RipA/YPO1926
I2470	0.9829822	hmsH
I2470	1	hmsF
I2470	0.9910045	hmsR
I2470	0.9850107	hmsS
I2470	0.9964029	YPO1956
I2470	1	YPO1973/hutC
I2470	0.9773124	YPO1986-YPO1987
I2470	1	znuB
I2470	1	znuC
I2470	1	znuA
I2470	1	msbB
I2470	1	YPO2087
I2470	1	YPO2088
I2470	1	YPO2089
I2470	1	YPO2090
I2470	1	YPO2091
I2470	0.9964476	YPO2093
I2470	0.9924982	YPO2096-YPO2135
I2470	0.9531947	Ugd/YPO2174
I2470	1	YPO2258
I2470	0	filamentous_prophage1
I2470	0	filamentous_prophage2
I2470	0	filamentous_prophage3
I2470	0	filamentous_prophage4
I2470	0	filamentous_prophage5
I2470	0	filamentous_prophage6
I2470	0	filamentous_prophage7
I2470	0	filamentous_prophage8
I2470	0	filamentous_prophage9
I2470	0	filamentous_prophage_1-10
I2470	0.9832869	pspC
I2470	1	pspB
I2470	1	pspA
I2470	0.9443156	rovA/slyA
I2470	1	lpp
I2470	0.984552	yfeA
I2470	1	yfeB
I2470	1	yfeC
I2470	1	yfeD
I2470	0.9478827	rcsA
I2470	0.563253	YPO2469
I2470	0.8489655	YPO2487-YPO2489
I2470	1	rbsA
I2470	0.9958662	NghA
I2470	1	ureD
I2470	0.9866099	pgm
I2470	1	YPO2729
I2470	0.9906817	YPO2731
I2470	1	yapC
I2470	0.9123967	YPO2884
I2470	0.9927008	ail
I2470	0.9666208	YPO3046-YPO3047
I2470	1	YPO3049
I2470	1	cyoA
I2470	1	cyoB
I2470	1	cyoC
I2470	1	cyoD
I2470	1	cyoE
I2470	0.9969674	brnQ
I2470	1	gmhA
I2470	0.9958478	HtrA
I2470	1	YrbH
I2470	0.9980187	vasK/YPO3603
I2470	1	yapE
I2470	0.9926807	yhjK
I5884	0.999568	feoB
I5884	1	feoA
I5884	1	dam
I5884	1	nirC
I5884	1	crp/YPO0175
I5884	0.9979109	YPO0348
I5884	1	YPO0387
I5884	0.9946808	YPO0388
I5884	1	YPO0389/YPO0392a
I5884	0.9577358	YPO0391
I5884	0.998615	YPO0392
I5884	0.8380567	YPO0393
I5884	0.9965157	YPO0394
I5884	1	YPO0394a
I5884	1	YPO0396
I5884	1	hmsT
I5884	1	YPO0498
I5884	1	gspE/YPO0815
I5884	0.9111969	YPO0862
I5884	1	speA
I5884	1	speC
I5884	0.9909639	YPO1119
I5884	1	YPO1120
I5884	0.9982654	YPO1201
I5884	1	psaE
I5884	0.8893443	psaF
I5884	0.9222689	psaA
I5884	0.9500609	psaB
I5884	0.9992042	psaC
I5884	0.9936014	YadBC/YPO1387
I5884	0.9293362	YadBC/YPO1388
I5884	1	YPO1501
I5884	1	phoQ
I5884	1	phoP
I5884	1	mgtC
I5884	1	mgtB
I5884	0.9621047	inv
I5884	1	fyuA/psn
I5884	0.99334	high_pathogenicity_island
I5884	1	irp5/ybtE
I5884	0.9987547	irp4/ybtT
I5884	0.99	irp3/ybtU
I5884	0.9943104	irp1
I5884	0.9970526	irp2
I5884	1	ybtA
I5884	1	irp6/ybtP
I5884	0.9794673	irp7/ybtQ
I5884	0.9914063	irp8/ybtX
I5884	1	ybtS
I5884	0.9727685	RipA/YPO1926
I5884	0.9991896	hmsH
I5884	1	hmsF
I5884	0.9902549	hmsR
I5884	1	hmsS
I5884	1	YPO1956
I5884	0.9895697	YPO1973/hutC
I5884	0.9742583	YPO1986-YPO1987
I5884	1	znuB
I5884	1	znuC
I5884	1	znuA
I5884	1	msbB
I5884	1	YPO2087
I5884	1	YPO2088
I5884	1	YPO2089
I5884	1	YPO2090
I5884	1	YPO2091
I5884	1	YPO2093
I5884	0.9939986	YPO2096-YPO2135
I5884	0.9962853	Ugd/YPO2174
I5884	1	YPO2258
I5884	0	filamentous_prophage1
I5884	0	filamentous_prophage2
I5884	0	filamentous_prophage3
I5884	0	filamentous_prophage4
I5884	0	filamentous_prophage5
I5884	0.0588235	filamentous_prophage6
I5884	0	filamentous_prophage7
I5884	0	filamentous_prophage8
I5884	0	filamentous_prophage9
I5884	0.1012862	filamentous_prophage_1-10
I5884	0.9498608	pspC
I5884	1	pspB
I5884	1	pspA
I5884	1	rovA/slyA
I5884	1	lpp
I5884	0.9886715	yfeA
I5884	1	yfeB
I5884	1	yfeC
I5884	0.9988802	yfeD
I5884	0.9967427	rcsA
I5884	1	YPO2469
I5884	0.9951724	YPO2487-YPO2489
I5884	1	rbsA
I5884	0.9988726	NghA
I5884	1	ureD
I5884	0.9896531	pgm
I5884	0.9913545	YPO2729
I5884	1	YPO2731
I5884	1	yapC
I5884	0.9557851	YPO2884
I5884	1	ail
I5884	0.9962147	YPO3046-YPO3047
I5884	0.9903901	YPO3049
I5884	1	cyoA
I5884	0.9984932	cyoB
I5884	1	cyoC
I5884	0.9698795	cyoD
I5884	0.9876404	cyoE
I5884	1	brnQ
I5884	1	gmhA
I5884	1	HtrA
I5884	1	YrbH
I5884	1	vasK/YPO3603
I5884	0.994396	yapE
I5884	0.9922233	yhjK
KLE031	0.9965443	feoB
KLE031	1	feoA
KLE031	1	dam
KLE031	1	nirC
KLE031	1	crp/YPO0175
KLE031	1	YPO0348
KLE031	1	YPO0387
KLE031	1	YPO0388
KLE031	1	YPO0389/YPO0392a
KLE031	0.7909434	YPO0391
KLE031	0.732687	YPO0392
KLE031	0.8161944	YPO0393
KLE031	1	YPO0394
KLE031	1	YPO0394a
KLE031	0.9886686	YPO0396
KLE031	0.9633106	hmsT
KLE031	1	YPO0498
KLE031	0.9993382	gspE/YPO0815
KLE031	0.8088803	YPO0862
KLE031	0.9984841	speA
KLE031	1	speC
KLE031	1	YPO1119
KLE031	1	YPO1120
KLE031	1	YPO1201
KLE031	0.9891304	psaE
KLE031	0.9282787	psaF
KLE031	0.8760504	psaA
KLE031	0.9390987	psaB
KLE031	0.9852766	psaC
KLE031	0.9469836	YadBC/YPO1387
KLE031	0.8624197	YadBC/YPO1388
KLE031	0.9940618	YPO1501
KLE031	1	phoQ
KLE031	1	phoP
KLE031	1	mgtC
KLE031	1	mgtB
KLE031	0.9773719	inv
KLE031	1	fyuA/psn
KLE031	0.9813383	high_pathogenicity_island
KLE031	0.9885859	irp5/ybtE
KLE031	1	irp4/ybtT
KLE031	0.9918182	irp3/ybtU
KLE031	0.9810346	irp1
KLE031	0.9931226	irp2
KLE031	1	ybtA
KLE031	0.9716981	irp6/ybtP
KLE031	0.9328524	irp7/ybtQ
KLE031	0.9742187	irp8/ybtX
KLE031	0.9923313	ybtS
KLE031	0.9856278	RipA/YPO1926
KLE031	0.9959481	hmsH
KLE031	1	hmsF
KLE031	0.9992504	hmsR
KLE031	1	hmsS
KLE031	1	YPO1956
KLE031	1	YPO1973/hutC
KLE031	0.9328098	YPO1986-YPO1987
KLE031	1	znuB
KLE031	0.9854881	znuC
KLE031	1	znuA
KLE031	1	msbB
KLE031	1	YPO2087
KLE031	1	YPO2088
KLE031	1	YPO2089
KLE031	1	YPO2090
KLE031	1	YPO2091
KLE031	1	YPO2093
KLE031	0.9944273	YPO2096-YPO2135
KLE031	1	Ugd/YPO2174
KLE031	1	YPO2258
KLE031	0	filamentous_prophage1
KLE031	0	filamentous_prophage2
KLE031	0	filamentous_prophage3
KLE031	0	filamentous_prophage4
KLE031	0	filamentous_prophage5
KLE031	0	filamentous_prophage6
KLE031	0	filamentous_prophage7
KLE031	0	filamentous_prophage8
KLE031	0	filamentous_prophage9
KLE031	0	filamentous_prophage_1-10
KLE031	0.9721448	pspC
KLE031	1	pspB
KLE031	1	pspA
KLE031	1	rovA/slyA
KLE031	1	lpp
KLE031	1	yfeA
KLE031	1	yfeB
KLE031	1	yfeC
KLE031	1	yfeD
KLE031	0.9446254	rcsA
KLE031	1	YPO2469
KLE031	0.9248276	YPO2487-YPO2489
KLE031	1	rbsA
KLE031	1	NghA
KLE031	1	ureD
KLE031	0.9993914	pgm
KLE031	1	YPO2729
KLE031	1	YPO2731
KLE031	0	yapC
KLE031	0.8838843	YPO2884
KLE031	1	ail
KLE031	0.9948382	YPO3046-YPO3047
KLE031	0.9949124	YPO3049
KLE031	1	cyoA
KLE031	1	cyoB
KLE031	1	cyoC
KLE031	1	cyoD
KLE031	1	cyoE
KLE031	1	brnQ
KLE031	1	gmhA
KLE031	0.9854671	HtrA
KLE031	1	YrbH
KLE031	1	vasK/YPO3603
KLE031	1	yapE
KLE031	1	yhjK
KLE048	1	feoB
KLE048	1	feoA
KLE048	1	dam
KLE048	1	nirC
KLE048	1	crp/YPO0175
KLE048	1	YPO0348
KLE048	1	YPO0387
KLE048	1	YPO0388
KLE048	1	YPO0389/YPO0392a
KLE048	0.8535849	YPO0391
KLE048	0.9210526	YPO0392
KLE048	0.8161944	YPO0393
KLE048	1	YPO0394
KLE048	1	YPO0394a
KLE048	1	YPO0396
KLE048	1	hmsT
KLE048	1	YPO0498
KLE048	1	gspE/YPO0815
KLE048	0.9073359	YPO0862
KLE048	1	speA
KLE048	1	speC
KLE048	1	YPO1119
KLE048	1	YPO1120
KLE048	1	YPO1201
KLE048	1	psaE
KLE048	0.9713115	psaF
KLE048	0.9684874	psaA
KLE048	0.9464068	psaB
KLE048	0.9928373	psaC
KLE048	0.9926874	YadBC/YPO1387
KLE048	0.9004283	YadBC/YPO1388
KLE048	1	YPO1501
KLE048	1	phoQ
KLE048	1	phoP
KLE048	1	mgtC
KLE048	0.9981475	mgtB
KLE048	0.971374	inv
KLE048	1	fyuA/psn
KLE048	0.9991675	high_pathogenicity_island
KLE048	0.9955612	irp5/ybtE
KLE048	1	irp4/ybtT
KLE048	1	irp3/ybtU
KLE048	1	irp1
KLE048	1	irp2
KLE048	1	ybtA
KLE048	1	irp6/ybtP
KLE048	1	irp7/ybtQ
KLE048	0.9929687	irp8/ybtX
KLE048	1	ybtS
KLE048	0.9954614	RipA/YPO1926
KLE048	1	hmsH
KLE048	1	hmsF
KLE048	1	hmsR
KLE048	1	hmsS
KLE048	1	YPO1956
KLE048	1	YPO1973/hutC
KLE048	0.9685864	YPO1986-YPO1987
KLE048	1	znuB
KLE048	1	znuC
KLE048	1	znuA
KLE048	1	msbB
KLE048	1	YPO2087
KLE048	1	YPO2088
KLE048	1	YPO2089
KLE048	1	YPO2090
KLE048	1	YPO2091
KLE048	1	YPO2093
KLE048	0.9991733	YPO2096-YPO2135
KLE048	1	Ugd/YPO2174
KLE048	1	YPO2258
KLE048	0	filamentous_prophage1
KLE048	0	filamentous_prophage2
KLE048	0	filamentous_prophage3
KLE048	0	filamentous_prophage4
KLE048	0	filamentous_prophage5
KLE048	0	filamentous_prophage6
KLE048	0	filamentous_prophage7
KLE048	0	filamentous_prophage8
KLE048	0	filamentous_prophage9
KLE048	0	filamentous_prophage_1-10
KLE048	1	pspC
KLE048	1	pspB
KLE048	1	pspA
KLE048	1	rovA/slyA
KLE048	1	lpp
KLE048	1	yfeA
KLE048	1	yfeB
KLE048	1	yfeC
KLE048	1	yfeD
KLE048	0.9820847	rcsA
KLE048	1	YPO2469
KLE048	0.9827586	YPO2487-YPO2489
KLE048	1	rbsA
KLE048	1	NghA
KLE048	1	ureD
KLE048	1	pgm
KLE048	1	YPO2729
KLE048	1	YPO2731
KLE048	0	yapC
KLE048	0.9355372	YPO2884
KLE048	1	ail
KLE048	0.9855471	YPO3046-YPO3047
KLE048	1	YPO3049
KLE048	1	cyoA
KLE048	1	cyoB
KLE048	1	cyoC
KLE048	1	cyoD
KLE048	1	cyoE
KLE048	1	brnQ
KLE048	1	gmhA
KLE048	1	HtrA
KLE048	1	YrbH
KLE048	0.9985847	vasK/YPO3603
KLE048	1	yapE
KLE048	1	yhjK
KLZ001	0.9550756	feoB
KLZ001	1	feoA
KLZ001	0.993865	dam
KLZ001	1	nirC
KLZ001	0.9825949	crp/YPO0175
KLZ001	0.954039	YPO0348
KLZ001	0.969462	YPO0387
KLZ001	0.9262918	YPO0388
KLZ001	0.8631179	YPO0389/YPO0392a
KLZ001	0.5849057	YPO0391
KLZ001	0.7534626	YPO0392
KLZ001	0.7068826	YPO0393
KLZ001	0.9651568	YPO0394
KLZ001	0.9492386	YPO0394a
KLZ001	0.9773371	YPO0396
KLZ001	0.8293515	hmsT
KLZ001	0.9798115	YPO0498
KLZ001	0.960953	gspE/YPO0815
KLZ001	0.5830116	YPO0862
KLZ001	0.9459323	speA
KLZ001	0.9375578	speC
KLZ001	1	YPO1119
KLZ001	0.9975063	YPO1120
KLZ001	0.9778838	YPO1201
KLZ001	0.7903727	psaE
KLZ001	0.7581967	psaF
KLZ001	0.8529412	psaA
KLZ001	0.7515225	psaB
KLZ001	0.9060884	psaC
KLZ001	0.9378428	YadBC/YPO1387
KLZ001	0.6413276	YadBC/YPO1388
KLZ001	0.9465558	YPO1501
KLZ001	0.9759285	phoQ
KLZ001	0.9344262	phoP
KLZ001	0.9774648	mgtC
KLZ001	0.9318266	mgtB
KLZ001	0.9675573	inv
KLZ001	0.936665	fyuA/psn
KLZ001	0.9365569	high_pathogenicity_island
KLZ001	0.9359543	irp5/ybtE
KLZ001	0.9352428	irp4/ybtT
KLZ001	0.8809091	irp3/ybtU
KLZ001	0.9365715	irp1
KLZ001	0.9500573	irp2
KLZ001	0.9499478	ybtA
KLZ001	0.9689234	irp6/ybtP
KLZ001	0.9223086	irp7/ybtQ
KLZ001	0.8859375	irp8/ybtX
KLZ001	0.9892638	ybtS
KLZ001	0.9326777	RipA/YPO1926
KLZ001	0.9639384	hmsH
KLZ001	0.9777338	hmsF
KLZ001	0.9152924	hmsR
KLZ001	0.9421842	hmsS
KLZ001	0.9532374	YPO1956
KLZ001	0.9804433	YPO1973/hutC
KLZ001	0.8961605	YPO1986-YPO1987
KLZ001	0.988535	znuB
KLZ001	0.9313984	znuC
KLZ001	0.9633891	znuA
KLZ001	0.9313929	msbB
KLZ001	1	YPO2087
KLZ001	0.9378882	YPO2088
KLZ001	1	YPO2089
KLZ001	1	YPO2090
KLZ001	1	YPO2091
KLZ001	1	YPO2093
KLZ001	0.9450381	YPO2096-YPO2135
KLZ001	0.8528975	Ugd/YPO2174
KLZ001	0.8862661	YPO2258
KLZ001	0	filamentous_prophage1
KLZ001	0	filamentous_prophage2
KLZ001	0	filamentous_prophage3
KLZ001	0	filamentous_prophage4
KLZ001	0	filamentous_prophage5
KLZ001	0	filamentous_prophage6
KLZ001	0	filamentous_prophage7
KLZ001	0	filamentous_prophage8
KLZ001	0	filamentous_prophage9
KLZ001	0	filamentous_prophage_1-10
KLZ001	0.9387187	pspC
KLZ001	0.9207048	pspB
KLZ001	0.9909775	pspA
KLZ001	0.9837587	rovA/slyA
KLZ001	0.8771186	lpp
KLZ001	0.9505664	yfeA
KLZ001	0.9247191	yfeB
KLZ001	0.969457	yfeC
KLZ001	0.975364	yfeD
KLZ001	0.8648208	rcsA
KLZ001	1	YPO2469
KLZ001	0.7517241	YPO2487-YPO2489
KLZ001	0.9557047	rbsA
KLZ001	0.9785795	NghA
KLZ001	0.9750779	ureD
KLZ001	0.9713938	pgm
KLZ001	0.8962536	YPO2729
KLZ001	0.9264345	YPO2731
KLZ001	0	yapC
KLZ001	0.8214876	YPO2884
KLZ001	0.9854015	ail
KLZ001	0.8768066	YPO3046-YPO3047
KLZ001	0.9847372	YPO3049
KLZ001	0.9341004	cyoA
KLZ001	0.9799096	cyoB
KLZ001	0.97557	cyoC
KLZ001	0.8825301	cyoD
KLZ001	0.9898877	cyoE
KLZ001	0.9916604	brnQ
KLZ001	0.8261618	gmhA
KLZ001	0.9993079	HtrA
KLZ001	0.994929	YrbH
KLZ001	0.9844325	vasK/YPO3603
KLZ001	0.9607721	yapE
KLZ001	0.962946	yhjK
KNK001	0.8799136	feoB
KNK001	0.7885463	feoA
KNK001	0.8736196	dam
KNK001	0.9727047	nirC
KNK001	0.9572785	crp/YPO0175
KNK001	0.8426184	YPO0348
KNK001	0.9563742	YPO0387
KNK001	0.9422492	YPO0388
KNK001	0.8555133	YPO0389/YPO0392a
KNK001	0.5403774	YPO0391
KNK001	0.5096953	YPO0392
KNK001	0.6186235	YPO0393
KNK001	0.9059234	YPO0394
KNK001	1	YPO0394a
KNK001	0.8944759	YPO0396
KNK001	0.6885666	hmsT
KNK001	0.7967699	YPO0498
KNK001	0.87227	gspE/YPO0815
KNK001	0.6351351	YPO0862
KNK001	0.8969176	speA
KNK001	0.8506013	speC
KNK001	1	YPO1119
KNK001	0.9825436	YPO1120
KNK001	0.8551605	YPO1201
KNK001	0.7065217	psaE
KNK001	0.3586065	psaF
KNK001	0.7478992	psaA
KNK001	0.4287454	psaB
KNK001	0.8635098	psaC
KNK001	0.6627057	YadBC/YPO1387
KNK001	0.5985011	YadBC/YPO1388
KNK001	0.8931116	YPO1501
KNK001	0.9112792	phoQ
KNK001	0.9284649	phoP
KNK001	0.928169	mgtC
KNK001	0.9040385	mgtB
KNK001	0.8784078	inv
KNK001	0.8931222	fyuA/psn
KNK001	0.8962503	high_pathogenicity_island
KNK001	0.9746354	irp5/ybtE
KNK001	0.9726027	irp4/ybtT
KNK001	0.9654545	irp3/ybtU
KNK001	0.8735644	irp1
KNK001	0.9115769	irp2
KNK001	0.890511	ybtA
KNK001	0.8823529	irp6/ybtP
KNK001	0.86404	irp7/ybtQ
KNK001	0.9164063	irp8/ybtX
KNK001	0.9271472	ybtS
KNK001	0.8986384	RipA/YPO1926
KNK001	0.9294975	hmsH
KNK001	0.9183573	hmsF
KNK001	0.8290855	hmsR
KNK001	0.8650963	hmsS
KNK001	0.9352518	YPO1956
KNK001	0.8774446	YPO1973/hutC
KNK001	0.7809773	YPO1986-YPO1987
KNK001	0.9388535	znuB
KNK001	0.9366755	znuC
KNK001	0.9037657	znuA
KNK001	0.972973	msbB
KNK001	0.9653846	YPO2087
KNK001	0.9689441	YPO2088
KNK001	0.8528038	YPO2089
KNK001	0.9768595	YPO2090
KNK001	0.8534704	YPO2091
KNK001	0.9591475	YPO2093
KNK001	0.905784	YPO2096-YPO2135
KNK001	0.7852898	Ugd/YPO2174
KNK001	0.9120172	YPO2258
KNK001	0	filamentous_prophage1
KNK001	0	filamentous_prophage2
KNK001	0	filamentous_prophage3
KNK001	0	filamentous_prophage4
KNK001	0	filamentous_prophage5
KNK001	0	filamentous_prophage6
KNK001	0	filamentous_prophage7
KNK001	0	filamentous_prophage8
KNK001	0	filamentous_prophage9
KNK001	0	filamentous_prophage_1-10
KNK001	0.9470752	pspC
KNK001	1	pspB
KNK001	0.9518797	pspA
KNK001	0.9930394	rovA/slyA
KNK001	0.8135593	lpp
KNK001	0.9680741	yfeA
KNK001	0.8168539	yfeB
KNK001	0.9162896	yfeC
KNK001	0.9451288	yfeD
KNK001	0.7198697	rcsA
KNK001	1	YPO2469
KNK001	0.7496552	YPO2487-YPO2489
KNK001	0.8597316	rbsA
KNK001	0.9432544	NghA
KNK001	0.9428868	ureD
KNK001	0.9397444	pgm
KNK001	0.8501441	YPO2729
KNK001	0.9283963	YPO2731
KNK001	0.9065762	yapC
KNK001	0.7004132	YPO2884
KNK001	0.7864963	ail
KNK001	0.8609773	YPO3046-YPO3047
KNK001	0.8773319	YPO3049
KNK001	0.9215481	cyoA
KNK001	0.8849824	cyoB
KNK001	0.9739414	cyoC
KNK001	0.8403614	cyoD
KNK001	0.9089888	cyoE
KNK001	0.9598181	brnQ
KNK001	0.8158348	gmhA
KNK001	0.9058824	HtrA
KNK001	0.9056795	YrbH
KNK001	0.9097084	vasK/YPO3603
KNK001	0.8935243	yapE
KNK001	0.910796	yhjK
KunilaII	0.9632829	feoB
KunilaII	1	feoA
KunilaII	1	dam
KunilaII	0.9875931	nirC
KunilaII	1	crp/YPO0175
KunilaII	0.9805014	YPO0348
KunilaII	0.9985458	YPO0387
KunilaII	0.9506079	YPO0388
KunilaII	0.9771863	YPO0389/YPO0392a
KunilaII	0.9992453	YPO0391
KunilaII	1	YPO0392
KunilaII	0.9295546	YPO0393
KunilaII	0.9860627	YPO0394
KunilaII	1	YPO0394a
KunilaII	0.9922096	YPO0396
KunilaII	0.9769624	hmsT
KunilaII	0.9703903	YPO0498
KunilaII	0.9973527	gspE/YPO0815
KunilaII	0.969112	YPO0862
KunilaII	0.9853461	speA
KunilaII	0.9851989	speC
KunilaII	0.9879518	YPO1119
KunilaII	0.9850374	YPO1120
KunilaII	0.9934952	YPO1201
KunilaII	0.8649068	psaE
KunilaII	1	psaF
KunilaII	0.9852941	psaA
KunilaII	0.9451888	psaB
KunilaII	0.9820931	psaC
KunilaII	0.9798903	YadBC/YPO1387
KunilaII	0.9266595	YadBC/YPO1388
KunilaII	0.9809976	YPO1501
KunilaII	0.9938102	phoQ
KunilaII	1	phoP
KunilaII	1	mgtC
KunilaII	0.9866617	mgtB
KunilaII	0.9751908	inv
KunilaII	0.9777338	fyuA/psn
KunilaII	0.9882063	high_pathogenicity_island
KunilaII	0.9904883	irp5/ybtE
KunilaII	1	irp4/ybtT
KunilaII	0.9990909	irp3/ybtU
KunilaII	0.9945211	irp1
KunilaII	0.9855903	irp2
KunilaII	1	ybtA
KunilaII	0.9678136	irp6/ybtP
KunilaII	0.972253	irp7/ybtQ
KunilaII	0.9953125	irp8/ybtX
KunilaII	0.9915644	ybtS
KunilaII	0.9636914	RipA/YPO1926
KunilaII	0.9744732	hmsH
KunilaII	0.9792182	hmsF
KunilaII	0.9805098	hmsR
KunilaII	1	hmsS
KunilaII	0.9928058	YPO1956
KunilaII	0.9856584	YPO1973/hutC
KunilaII	0.9690227	YPO1986-YPO1987
KunilaII	0.9808917	znuB
KunilaII	1	znuC
KunilaII	0.9717573	znuA
KunilaII	1	msbB
KunilaII	1	YPO2087
KunilaII	1	YPO2088
KunilaII	1	YPO2089
KunilaII	0.9586777	YPO2090
KunilaII	0.9948586	YPO2091
KunilaII	0.9840142	YPO2093
KunilaII	0.9771273	YPO2096-YPO2135
KunilaII	0.9710253	Ugd/YPO2174
KunilaII	0.9603004	YPO2258
KunilaII	0	filamentous_prophage1
KunilaII	0	filamentous_prophage2
KunilaII	0	filamentous_prophage3
KunilaII	0	filamentous_prophage4
KunilaII	0	filamentous_prophage5
KunilaII	0	filamentous_prophage6
KunilaII	0	filamentous_prophage7
KunilaII	0	filamentous_prophage8
KunilaII	0	filamentous_prophage9
KunilaII	0	filamentous_prophage_1-10
KunilaII	1	pspC
KunilaII	1	pspB
KunilaII	1	pspA
KunilaII	1	rovA/slyA
KunilaII	1	lpp
KunilaII	1	yfeA
KunilaII	0.988764	yfeB
KunilaII	0.9717194	yfeC
KunilaII	0.9932811	yfeD
KunilaII	0.9625407	rcsA
KunilaII	1	YPO2469
KunilaII	0.9434483	YPO2487-YPO2489
KunilaII	1	rbsA
KunilaII	0.9853439	NghA
KunilaII	1	ureD
KunilaII	0.9975654	pgm
KunilaII	1	YPO2729
KunilaII	0.9911721	YPO2731
KunilaII	1	yapC
KunilaII	0.9789256	YPO2884
KunilaII	0.9069343	ail
KunilaII	0.9721267	YPO3046-YPO3047
KunilaII	0.9457321	YPO3049
KunilaII	0.9895397	cyoA
KunilaII	0.9623305	cyoB
KunilaII	0.9201955	cyoC
KunilaII	1	cyoD
KunilaII	1	cyoE
KunilaII	0.964367	brnQ
KunilaII	0.979346	gmhA
KunilaII	0.9806228	HtrA
KunilaII	0.9929006	YrbH
KunilaII	0.9855646	vasK/YPO3603
KunilaII	0.983188	yapE
KunilaII	0.9853614	yhjK
KZL002	1	feoB
KZL002	1	feoA
KZL002	1	dam
KZL002	1	nirC
KZL002	1	crp/YPO0175
KZL002	1	YPO0348
KZL002	1	YPO0387
KZL002	1	YPO0388
KZL002	1	YPO0389/YPO0392a
KZL002	0.9811321	YPO0391
KZL002	0.9764543	YPO0392
KZL002	0.8923077	YPO0393
KZL002	1	YPO0394
KZL002	1	YPO0394a
KZL002	1	YPO0396
KZL002	0.9982935	hmsT
KZL002	1	YPO0498
KZL002	1	gspE/YPO0815
KZL002	0.965251	YPO0862
KZL002	1	speA
KZL002	1	speC
KZL002	1	YPO1119
KZL002	1	YPO1120
KZL002	1	YPO1201
KZL002	0.9534162	psaE
KZL002	1	psaF
KZL002	0.9831933	psaA
KZL002	0.9500609	psaB
KZL002	0.9900517	psaC
KZL002	1	YadBC/YPO1387
KZL002	0.9421842	YadBC/YPO1388
KZL002	1	YPO1501
KZL002	1	phoQ
KZL002	1	phoP
KZL002	1	mgtC
KZL002	1	mgtB
KZL002	0.9975464	inv
KZL002	1	fyuA/psn
KZL002	0.9989941	high_pathogenicity_island
KZL002	1	irp5/ybtE
KZL002	1	irp4/ybtT
KZL002	1	irp3/ybtU
KZL002	0.9972606	irp1
KZL002	1	irp2
KZL002	1	ybtA
KZL002	1	irp6/ybtP
KZL002	0.9988901	irp7/ybtQ
KZL002	1	irp8/ybtX
KZL002	1	ybtS
KZL002	1	RipA/YPO1926
KZL002	1	hmsH
KZL002	1	hmsF
KZL002	1	hmsR
KZL002	1	hmsS
KZL002	1	YPO1956
KZL002	1	YPO1973/hutC
KZL002	0.960733	YPO1986-YPO1987
KZL002	1	znuB
KZL002	1	znuC
KZL002	1	znuA
KZL002	1	msbB
KZL002	1	YPO2087
KZL002	1	YPO2088
KZL002	1	YPO2089
KZL002	1	YPO2090
KZL002	1	YPO2091
KZL002	1	YPO2093
KZL002	0.9923145	YPO2096-YPO2135
KZL002	1	Ugd/YPO2174
KZL002	1	YPO2258
KZL002	0	filamentous_prophage1
KZL002	0	filamentous_prophage2
KZL002	0	filamentous_prophage3
KZL002	0	filamentous_prophage4
KZL002	0	filamentous_prophage5
KZL002	0	filamentous_prophage6
KZL002	0	filamentous_prophage7
KZL002	0	filamentous_prophage8
KZL002	0	filamentous_prophage9
KZL002	0	filamentous_prophage_1-10
KZL002	1	pspC
KZL002	1	pspB
KZL002	1	pspA
KZL002	1	rovA/slyA
KZL002	1	lpp
KZL002	1	yfeA
KZL002	1	yfeB
KZL002	1	yfeC
KZL002	1	yfeD
KZL002	0.9641694	rcsA
KZL002	0.6355422	YPO2469
KZL002	0.9862069	YPO2487-YPO2489
KZL002	0.9966443	rbsA
KZL002	1	NghA
KZL002	1	ureD
KZL002	1	pgm
KZL002	1	YPO2729
KZL002	0.9985287	YPO2731
KZL002	0	yapC
KZL002	0.9727273	YPO2884
KZL002	1	ail
KZL002	1	YPO3046-YPO3047
KZL002	1	YPO3049
KZL002	1	cyoA
KZL002	1	cyoB
KZL002	1	cyoC
KZL002	1	cyoD
KZL002	1	cyoE
KZL002	1	brnQ
KZL002	1	gmhA
KZL002	1	HtrA
KZL002	1	YrbH
KZL002	1	vasK/YPO3603
KZL002	1	yapE
KZL002	1	yhjK
MIB054	1	feoB
MIB054	1	feoA
MIB054	1	dam
MIB054	1	nirC
MIB054	1	crp/YPO0175
MIB054	1	YPO0348
MIB054	1	YPO0387
MIB054	1	YPO0388
MIB054	1	YPO0389/YPO0392a
MIB054	0.9856604	YPO0391
MIB054	0.9903047	YPO0392
MIB054	0.9603239	YPO0393
MIB054	1	YPO0394
MIB054	1	YPO0394a
MIB054	1	YPO0396
MIB054	1	hmsT
MIB054	1	YPO0498
MIB054	1	gspE/YPO0815
MIB054	1	YPO0862
MIB054	1	speA
MIB054	1	speC
MIB054	1	YPO1119
MIB054	1	YPO1120
MIB054	1	YPO1201
MIB054	1	psaE
MIB054	1	psaF
MIB054	1	psaA
MIB054	0.9878197	psaB
MIB054	1	psaC
MIB054	1	YadBC/YPO1387
MIB054	0.995182	YadBC/YPO1388
MIB054	1	YPO1501
MIB054	1	phoQ
MIB054	1	phoP
MIB054	1	mgtC
MIB054	1	mgtB
MIB054	1	inv
MIB054	1	fyuA/psn
MIB054	0.9991328	high_pathogenicity_island
MIB054	1	irp5/ybtE
MIB054	1	irp4/ybtT
MIB054	0.9863636	irp3/ybtU
MIB054	0.9989464	irp1
MIB054	1	irp2
MIB054	1	ybtA
MIB054	1	irp6/ybtP
MIB054	1	irp7/ybtQ
MIB054	1	irp8/ybtX
MIB054	1	ybtS
MIB054	1	RipA/YPO1926
MIB054	1	hmsH
MIB054	1	hmsF
MIB054	0.9992504	hmsR
MIB054	1	hmsS
MIB054	1	YPO1956
MIB054	1	YPO1973/hutC
MIB054	1	YPO1986-YPO1987
MIB054	1	znuB
MIB054	1	znuC
MIB054	1	znuA
MIB054	1	msbB
MIB054	1	YPO2087
MIB054	1	YPO2088
MIB054	1	YPO2089
MIB054	1	YPO2090
MIB054	1	YPO2091
MIB054	1	YPO2093
MIB054	0.9998469	YPO2096-YPO2135
MIB054	1	Ugd/YPO2174
MIB054	1	YPO2258
MIB054	0	filamentous_prophage1
MIB054	0	filamentous_prophage2
MIB054	0	filamentous_prophage3
MIB054	0	filamentous_prophage4
MIB054	0	filamentous_prophage5
MIB054	0	filamentous_prophage6
MIB054	0	filamentous_prophage7
MIB054	0	filamentous_prophage8
MIB054	0	filamentous_prophage9
MIB054	0	filamentous_prophage_1-10
MIB054	1	pspC
MIB054	1	pspB
MIB054	1	pspA
MIB054	1	rovA/slyA
MIB054	1	lpp
MIB054	1	yfeA
MIB054	1	yfeB
MIB054	1	yfeC
MIB054	1	yfeD
MIB054	1	rcsA
MIB054	1	YPO2469
MIB054	0.9972414	YPO2487-YPO2489
MIB054	1	rbsA
MIB054	1	NghA
MIB054	1	ureD
MIB054	1	pgm
MIB054	1	YPO2729
MIB054	1	YPO2731
MIB054	0	yapC
MIB054	0.9809917	YPO2884
MIB054	1	ail
MIB054	1	YPO3046-YPO3047
MIB054	1	YPO3049
MIB054	1	cyoA
MIB054	1	cyoB
MIB054	1	cyoC
MIB054	1	cyoD
MIB054	1	cyoE
MIB054	1	brnQ
MIB054	1	gmhA
MIB054	1	HtrA
MIB054	1	YrbH
MIB054	1	vasK/YPO3603
MIB054	1	yapE
MIB054	1	yhjK
OOH003	1	feoB
OOH003	1	feoA
OOH003	1	dam
OOH003	1	nirC
OOH003	1	crp/YPO0175
OOH003	1	YPO0348
OOH003	1	YPO0387
OOH003	1	YPO0388
OOH003	1	YPO0389/YPO0392a
OOH003	0.9984906	YPO0391
OOH003	1	YPO0392
OOH003	1	YPO0393
OOH003	1	YPO0394
OOH003	1	YPO0394a
OOH003	1	YPO0396
OOH003	0.9957338	hmsT
OOH003	1	YPO0498
OOH003	1	gspE/YPO0815
OOH003	1	YPO0862
OOH003	1	speA
OOH003	1	speC
OOH003	1	YPO1119
OOH003	1	YPO1120
OOH003	1	YPO1201
OOH003	1	psaE
OOH003	1	psaF
OOH003	1	psaA
OOH003	1	psaB
OOH003	0.9932352	psaC
OOH003	1	YadBC/YPO1387
OOH003	0.9817987	YadBC/YPO1388
OOH003	1	YPO1501
OOH003	1	phoQ
OOH003	1	phoP
OOH003	1	mgtC
OOH003	1	mgtB
OOH003	0.9926391	inv
OOH003	0.9940624	fyuA/psn
OOH003	0.9879635	high_pathogenicity_island
OOH003	1	irp5/ybtE
OOH003	1	irp4/ybtT
OOH003	1	irp3/ybtU
OOH003	0.9874618	irp1
OOH003	0.9945964	irp2
OOH003	1	ybtA
OOH003	0.9889012	irp6/ybtP
OOH003	0.9506105	irp7/ybtQ
OOH003	0.9757813	irp8/ybtX
OOH003	1	ybtS
OOH003	0.973525	RipA/YPO1926
OOH003	1	hmsH
OOH003	1	hmsF
OOH003	1	hmsR
OOH003	1	hmsS
OOH003	1	YPO1956
OOH003	1	YPO1973/hutC
OOH003	1	YPO1986-YPO1987
OOH003	1	znuB
OOH003	1	znuC
OOH003	1	znuA
OOH003	1	msbB
OOH003	1	YPO2087
OOH003	1	YPO2088
OOH003	1	YPO2089
OOH003	1	YPO2090
OOH003	1	YPO2091
OOH003	1	YPO2093
OOH003	0.9995101	YPO2096-YPO2135
OOH003	1	Ugd/YPO2174
OOH003	1	YPO2258
OOH003	0	filamentous_prophage1
OOH003	0	filamentous_prophage2
OOH003	0	filamentous_prophage3
OOH003	0	filamentous_prophage4
OOH003	0	filamentous_prophage5
OOH003	0	filamentous_prophage6
OOH003	0	filamentous_prophage7
OOH003	0	filamentous_prophage8
OOH003	0	filamentous_prophage9
OOH003	0	filamentous_prophage_1-10
OOH003	1	pspC
OOH003	1	pspB
OOH003	1	pspA
OOH003	1	rovA/slyA
OOH003	1	lpp
OOH003	1	yfeA
OOH003	1	yfeB
OOH003	1	yfeC
OOH003	1	yfeD
OOH003	1	rcsA
OOH003	0.8403614	YPO2469
OOH003	1	YPO2487-YPO2489
OOH003	1	rbsA
OOH003	1	NghA
OOH003	1	ureD
OOH003	0.9957395	pgm
OOH003	1	YPO2729
OOH003	1	YPO2731
OOH003	0	yapC
OOH003	0.9842975	YPO2884
OOH003	1	ail
OOH003	1	YPO3046-YPO3047
OOH003	1	YPO3049
OOH003	1	cyoA
OOH003	1	cyoB
OOH003	1	cyoC
OOH003	1	cyoD
OOH003	1	cyoE
OOH003	1	brnQ
OOH003	1	gmhA
OOH003	1	HtrA
OOH003	1	YrbH
OOH003	1	vasK/YPO3603
OOH003	1	yapE
OOH003	1	yhjK
RISE505	1	feoB
RISE505	1	feoA
RISE505	1	dam
RISE505	1	nirC
RISE505	1	crp/YPO0175
RISE505	1	YPO0348
RISE505	1	YPO0387
RISE505	1	YPO0388
RISE505	1	YPO0389/YPO0392a
RISE505	0.9826415	YPO0391
RISE505	1	YPO0392
RISE505	0.9967611	YPO0393
RISE505	1	YPO0394
RISE505	1	YPO0394a
RISE505	1	YPO0396
RISE505	0.996587	hmsT
RISE505	1	YPO0498
RISE505	0.9880874	gspE/YPO0815
RISE505	0.8822394	YPO0862
RISE505	0.9989894	speA
RISE505	0.9995375	speC
RISE505	1	YPO1119
RISE505	1	YPO1120
RISE505	0.9969645	YPO1201
RISE505	0.9906833	psaE
RISE505	1	psaF
RISE505	1	psaA
RISE505	0.997564	psaB
RISE505	1	psaC
RISE505	1	YadBC/YPO1387
RISE505	0.9817987	YadBC/YPO1388
RISE505	1	YPO1501
RISE505	1	phoQ
RISE505	1	phoP
RISE505	1	mgtC
RISE505	1	mgtB
RISE505	0.9989095	inv
RISE505	1	fyuA/psn
RISE505	0.9994103	high_pathogenicity_island
RISE505	1	irp5/ybtE
RISE505	1	irp4/ybtT
RISE505	1	irp3/ybtU
RISE505	0.9995785	irp1
RISE505	1	irp2
RISE505	1	ybtA
RISE505	1	irp6/ybtP
RISE505	1	irp7/ybtQ
RISE505	1	irp8/ybtX
RISE505	1	ybtS
RISE505	1	RipA/YPO1926
RISE505	0.9906807	hmsH
RISE505	1	hmsF
RISE505	1	hmsR
RISE505	1	hmsS
RISE505	1	YPO1956
RISE505	1	YPO1973/hutC
RISE505	0.9965096	YPO1986-YPO1987
RISE505	0.9961783	znuB
RISE505	1	znuC
RISE505	1	znuA
RISE505	1	msbB
RISE505	1	YPO2087
RISE505	1	YPO2088
RISE505	1	YPO2089
RISE505	1	YPO2090
RISE505	1	YPO2091
RISE505	0.9875666	YPO2093
RISE505	0.9975811	YPO2096-YPO2135
RISE505	0.9933136	Ugd/YPO2174
RISE505	1	YPO2258
RISE505	0	filamentous_prophage1
RISE505	0.0710901	filamentous_prophage2
RISE505	0	filamentous_prophage3
RISE505	0	filamentous_prophage4
RISE505	0	filamentous_prophage5
RISE505	0	filamentous_prophage6
RISE505	0.0181075	filamentous_prophage7
RISE505	0	filamentous_prophage8
RISE505	0	filamentous_prophage9
RISE505	0	filamentous_prophage_1-10
RISE505	1	pspC
RISE505	1	pspB
RISE505	1	pspA
RISE505	1	rovA/slyA
RISE505	1	lpp
RISE505	1	yfeA
RISE505	1	yfeB
RISE505	0.9943439	yfeC
RISE505	1	yfeD
RISE505	0.9592834	rcsA
RISE505	0.5240964	YPO2469
RISE505	1	YPO2487-YPO2489
RISE505	1	rbsA
RISE505	1	NghA
RISE505	1	ureD
RISE505	0.9981741	pgm
RISE505	1	YPO2729
RISE505	1	YPO2731
RISE505	0	yapC
RISE505	0.9913223	YPO2884
RISE505	1	ail
RISE505	1	YPO3046-YPO3047
RISE505	1	YPO3049
RISE505	1	cyoA
RISE505	0.997991	cyoB
RISE505	1	cyoC
RISE505	1	cyoD
RISE505	0.9977528	cyoE
RISE505	1	brnQ
RISE505	1	gmhA
RISE505	1	HtrA
RISE505	0.9959432	YrbH
RISE505	1	vasK/YPO3603
RISE505	0.9984434	yapE
RISE505	1	yhjK
RISE509	1	feoB
RISE509	1	feoA
RISE509	1	dam
RISE509	1	nirC
RISE509	1	crp/YPO0175
RISE509	1	YPO0348
RISE509	1	YPO0387
RISE509	1	YPO0388
RISE509	1	YPO0389/YPO0392a
RISE509	1	YPO0391
RISE509	1	YPO0392
RISE509	0.9700405	YPO0393
RISE509	1	YPO0394
RISE509	1	YPO0394a
RISE509	1	YPO0396
RISE509	1	hmsT
RISE509	1	YPO0498
RISE509	1	gspE/YPO0815
RISE509	0.992278	YPO0862
RISE509	1	speA
RISE509	1	speC
RISE509	1	YPO1119
RISE509	1	YPO1120
RISE509	1	YPO1201
RISE509	1	psaE
RISE509	1	psaF
RISE509	1	psaA
RISE509	1	psaB
RISE509	1	psaC
RISE509	1	YadBC/YPO1387
RISE509	1	YadBC/YPO1388
RISE509	1	YPO1501
RISE509	1	phoQ
RISE509	1	phoP
RISE509	1	mgtC
RISE509	1	mgtB
RISE509	1	inv
RISE509	1	fyuA/psn
RISE509	1	high_pathogenicity_island
RISE509	1	irp5/ybtE
RISE509	1	irp4/ybtT
RISE509	1	irp3/ybtU
RISE509	1	irp1
RISE509	1	irp2
RISE509	1	ybtA
RISE509	1	irp6/ybtP
RISE509	1	irp7/ybtQ
RISE509	1	irp8/ybtX
RISE509	1	ybtS
RISE509	1	RipA/YPO1926
RISE509	1	hmsH
RISE509	1	hmsF
RISE509	1	hmsR
RISE509	1	hmsS
RISE509	1	YPO1956
RISE509	1	YPO1973/hutC
RISE509	1	YPO1986-YPO1987
RISE509	1	znuB
RISE509	1	znuC
RISE509	1	znuA
RISE509	1	msbB
RISE509	1	YPO2087
RISE509	1	YPO2088
RISE509	1	YPO2089
RISE509	1	YPO2090
RISE509	1	YPO2091
RISE509	1	YPO2093
RISE509	1	YPO2096-YPO2135
RISE509	1	Ugd/YPO2174
RISE509	1	YPO2258
RISE509	0	filamentous_prophage1
RISE509	0	filamentous_prophage2
RISE509	0	filamentous_prophage3
RISE509	0	filamentous_prophage4
RISE509	0	filamentous_prophage5
RISE509	0	filamentous_prophage6
RISE509	0	filamentous_prophage7
RISE509	0	filamentous_prophage8
RISE509	0	filamentous_prophage9
RISE509	0	filamentous_prophage_1-10
RISE509	1	pspC
RISE509	1	pspB
RISE509	1	pspA
RISE509	1	rovA/slyA
RISE509	1	lpp
RISE509	1	yfeA
RISE509	1	yfeB
RISE509	1	yfeC
RISE509	1	yfeD
RISE509	1	rcsA
RISE509	1	YPO2469
RISE509	1	YPO2487-YPO2489
RISE509	1	rbsA
RISE509	1	NghA
RISE509	1	ureD
RISE509	1	pgm
RISE509	1	YPO2729
RISE509	1	YPO2731
RISE509	1	yapC
RISE509	0.9983471	YPO2884
RISE509	1	ail
RISE509	1	YPO3046-YPO3047
RISE509	1	YPO3049
RISE509	1	cyoA
RISE509	1	cyoB
RISE509	1	cyoC
RISE509	1	cyoD
RISE509	1	cyoE
RISE509	1	brnQ
RISE509	1	gmhA
RISE509	1	HtrA
RISE509	1	YrbH
RISE509	1	vasK/YPO3603
RISE509	1	yapE
RISE509	1	yhjK
RK1001	0.9075594	feoB
RK1001	0.8634361	feoA
RK1001	0.9533742	dam
RK1001	0.955335	nirC
RK1001	0.9335443	crp/YPO0175
RK1001	0.968663	YPO0348
RK1001	0.9398934	YPO0387
RK1001	0.930851	YPO0388
RK1001	0.9315589	YPO0389/YPO0392a
RK1001	0.6233962	YPO0391
RK1001	0.6052632	YPO0392
RK1001	0.5020243	YPO0393
RK1001	0.9442509	YPO0394
RK1001	1	YPO0394a
RK1001	0.9865439	YPO0396
RK1001	0.8976109	hmsT
RK1001	0.7738897	YPO0498
RK1001	0.911317	gspE/YPO0815
RK1001	0.8088803	YPO0862
RK1001	0.9499747	speA
RK1001	0.9625347	speC
RK1001	0.9879518	YPO1119
RK1001	0.9875312	YPO1120
RK1001	0.97268	YPO1201
RK1001	0.6925466	psaE
RK1001	0.545082	psaF
RK1001	0.7941176	psaA
RK1001	0.637028	psaB
RK1001	0.8981297	psaC
RK1001	0.7952468	YadBC/YPO1387
RK1001	0.7028908	YadBC/YPO1388
RK1001	0.9239905	YPO1501
RK1001	0.9394773	phoQ
RK1001	0.9910581	phoP
RK1001	0.9422535	mgtC
RK1001	0.9603557	mgtB
RK1001	0.9367503	inv
RK1001	0.9811974	fyuA/psn
RK1001	0.9874779	high_pathogenicity_island
RK1001	0.9923906	irp5/ybtE
RK1001	1	irp4/ybtT
RK1001	0.9909091	irp3/ybtU
RK1001	0.9949426	irp1
RK1001	0.987719	irp2
RK1001	0.9979145	ybtA
RK1001	0.9944506	irp6/ybtP
RK1001	0.9839067	irp7/ybtQ
RK1001	0.9953125	irp8/ybtX
RK1001	0.9992331	ybtS
RK1001	0.8419062	RipA/YPO1926
RK1001	0.9647488	hmsH
RK1001	0.9421079	hmsF
RK1001	0.9565217	hmsR
RK1001	1	hmsS
RK1001	1	YPO1956
RK1001	0.9647979	YPO1973/hutC
RK1001	0.8935428	YPO1986-YPO1987
RK1001	0.9834395	znuB
RK1001	0.8957784	znuC
RK1001	0.9257322	znuA
RK1001	0.9760915	msbB
RK1001	0.9807692	YPO2087
RK1001	0.9518633	YPO2088
RK1001	0.9859813	YPO2089
RK1001	0.9504132	YPO2090
RK1001	0.9691517	YPO2091
RK1001	1	YPO2093
RK1001	0.9332497	YPO2096-YPO2135
RK1001	0.9175335	Ugd/YPO2174
RK1001	0.8637339	YPO2258
RK1001	0	filamentous_prophage1
RK1001	0	filamentous_prophage2
RK1001	0	filamentous_prophage3
RK1001	0	filamentous_prophage4
RK1001	0	filamentous_prophage5
RK1001	0	filamentous_prophage6
RK1001	0	filamentous_prophage7
RK1001	0	filamentous_prophage8
RK1001	0	filamentous_prophage9
RK1001	0	filamentous_prophage_1-10
RK1001	0.9554318	pspC
RK1001	0.9515418	pspB
RK1001	1	pspA
RK1001	0.9791183	rovA/slyA
RK1001	0.9830508	lpp
RK1001	0.9752832	yfeA
RK1001	1	yfeB
RK1001	0.9355204	yfeC
RK1001	0.9574468	yfeD
RK1001	0.8485342	rcsA
RK1001	1	YPO2469
RK1001	0.7944828	YPO2487-YPO2489
RK1001	0.990604	rbsA
RK1001	0.9624202	NghA
RK1001	0.9968848	ureD
RK1001	0.931832	pgm
RK1001	0.945245	YPO2729
RK1001	0.9686121	YPO2731
RK1001	0.9086639	yapC
RK1001	0.7549587	YPO2884
RK1001	0.8467153	ail
RK1001	0.8530626	YPO3046-YPO3047
RK1001	0.9519503	YPO3049
RK1001	0.9905857	cyoA
RK1001	0.9603214	cyoB
RK1001	0.9381108	cyoC
RK1001	0.9698795	cyoD
RK1001	0.9539326	cyoE
RK1001	0.9810463	brnQ
RK1001	0.8898451	gmhA
RK1001	0.9072664	HtrA
RK1001	0.9553753	YrbH
RK1001	0.9821681	vasK/YPO3603
RK1001	0.9797634	yapE
RK1001	0.9748399	yhjK
RT5	0.9982721	feoB
RT5	1	feoA
RT5	1	dam
RT5	1	nirC
RT5	0.9588608	crp/YPO0175
RT5	1	YPO0348
RT5	0.9849733	YPO0387
RT5	1	YPO0388
RT5	1	YPO0389/YPO0392a
RT5	0.9788679	YPO0391
RT5	0.9930748	YPO0392
RT5	0.8550608	YPO0393
RT5	1	YPO0394
RT5	1	YPO0394a
RT5	1	YPO0396
RT5	1	hmsT
RT5	0.9730821	YPO0498
RT5	0.9986764	gspE/YPO0815
RT5	0.9826255	YPO0862
RT5	0.9964629	speA
RT5	0.9976873	speC
RT5	1	YPO1119
RT5	1	YPO1120
RT5	0.9956635	YPO1201
RT5	0.9673913	psaE
RT5	0.9610656	psaF
RT5	0.9306723	psaA
RT5	1	psaB
RT5	0.9872662	psaC
RT5	0.9917733	YadBC/YPO1387
RT5	0.9566381	YadBC/YPO1388
RT5	1	YPO1501
RT5	1	phoQ
RT5	1	phoP
RT5	1	mgtC
RT5	0.9773991	mgtB
RT5	0.9896401	inv
RT5	0.9960415	fyuA/psn
RT5	0.9993756	high_pathogenicity_island
RT5	0.9968295	irp5/ybtE
RT5	1	irp4/ybtT
RT5	1	irp3/ybtU
RT5	1	irp1
RT5	1	irp2
RT5	1	ybtA
RT5	1	irp6/ybtP
RT5	1	irp7/ybtQ
RT5	1	irp8/ybtX
RT5	0.9961656	ybtS
RT5	1	RipA/YPO1926
RT5	0.9967585	hmsH
RT5	0.9658585	hmsF
RT5	0.9902549	hmsR
RT5	1	hmsS
RT5	1	YPO1956
RT5	1	YPO1973/hutC
RT5	0.9960733	YPO1986-YPO1987
RT5	1	znuB
RT5	1	znuC
RT5	0.9958159	znuA
RT5	0.9948025	msbB
RT5	1	YPO2087
RT5	1	YPO2088
RT5	1	YPO2089
RT5	1	YPO2090
RT5	1	YPO2091
RT5	1	YPO2093
RT5	0.9927432	YPO2096-YPO2135
RT5	0.9895988	Ugd/YPO2174
RT5	0.9957082	YPO2258
RT5	0	filamentous_prophage1
RT5	0	filamentous_prophage2
RT5	0	filamentous_prophage3
RT5	0	filamentous_prophage4
RT5	0	filamentous_prophage5
RT5	0	filamentous_prophage6
RT5	0	filamentous_prophage7
RT5	0	filamentous_prophage8
RT5	0	filamentous_prophage9
RT5	0	filamentous_prophage_1-10
RT5	1	pspC
RT5	1	pspB
RT5	1	pspA
RT5	1	rovA/slyA
RT5	1	lpp
RT5	0.9866117	yfeA
RT5	0.9775281	yfeB
RT5	1	yfeC
RT5	1	yfeD
RT5	0.9934853	rcsA
RT5	1	YPO2469
RT5	0.977931	YPO2487-YPO2489
RT5	1	rbsA
RT5	0.9966178	NghA
RT5	1	ureD
RT5	0.974437	pgm
RT5	1	YPO2729
RT5	1	YPO2731
RT5	0.9906054	yapC
RT5	0.9900826	YPO2884
RT5	1	ail
RT5	0.9955265	YPO3046-YPO3047
RT5	0.9983041	YPO3049
RT5	0.998954	cyoA
RT5	0.9949774	cyoB
RT5	1	cyoC
RT5	1	cyoD
RT5	0.9910113	cyoE
RT5	0.9977255	brnQ
RT5	1	gmhA
RT5	0.9743944	HtrA
RT5	1	YrbH
RT5	0.9985847	vasK/YPO3603
RT5	0.9978207	yapE
RT5	1	yhjK
VLI092	1	feoB
VLI092	1	feoA
VLI092	1	dam
VLI092	1	nirC
VLI092	1	crp/YPO0175
VLI092	1	YPO0348
VLI092	1	YPO0387
VLI092	1	YPO0388
VLI092	1	YPO0389/YPO0392a
VLI092	0.9879245	YPO0391
VLI092	0.9972299	YPO0392
VLI092	0.9530364	YPO0393
VLI092	1	YPO0394
VLI092	1	YPO0394a
VLI092	1	YPO0396
VLI092	0.9982935	hmsT
VLI092	1	YPO0498
VLI092	1	gspE/YPO0815
VLI092	0.9980695	YPO0862
VLI092	1	speA
VLI092	1	speC
VLI092	1	YPO1119
VLI092	1	YPO1120
VLI092	1	YPO1201
VLI092	1	psaE
VLI092	1	psaF
VLI092	1	psaA
VLI092	0.9634592	psaB
VLI092	0.9864703	psaC
VLI092	0.9890311	YadBC/YPO1387
VLI092	0.9844754	YadBC/YPO1388
VLI092	1	YPO1501
VLI092	1	phoQ
VLI092	1	phoP
VLI092	1	mgtC
VLI092	1	mgtB
VLI092	0.9852781	inv
VLI092	1	fyuA/psn
VLI092	0.9984044	high_pathogenicity_island
VLI092	1	irp5/ybtE
VLI092	1	irp4/ybtT
VLI092	1	irp3/ybtU
VLI092	0.9989464	irp1
VLI092	0.9998363	irp2
VLI092	1	ybtA
VLI092	1	irp6/ybtP
VLI092	0.9988901	irp7/ybtQ
VLI092	1	irp8/ybtX
VLI092	1	ybtS
VLI092	0.9939486	RipA/YPO1926
VLI092	1	hmsH
VLI092	1	hmsF
VLI092	1	hmsR
VLI092	1	hmsS
VLI092	1	YPO1956
VLI092	1	YPO1973/hutC
VLI092	1	YPO1986-YPO1987
VLI092	1	znuB
VLI092	1	znuC
VLI092	1	znuA
VLI092	1	msbB
VLI092	1	YPO2087
VLI092	1	YPO2088
VLI092	1	YPO2089
VLI092	1	YPO2090
VLI092	1	YPO2091
VLI092	1	YPO2093
VLI092	0.9992039	YPO2096-YPO2135
VLI092	1	Ugd/YPO2174
VLI092	1	YPO2258
VLI092	0	filamentous_prophage1
VLI092	0	filamentous_prophage2
VLI092	0	filamentous_prophage3
VLI092	0	filamentous_prophage4
VLI092	0	filamentous_prophage5
VLI092	0	filamentous_prophage6
VLI092	0	filamentous_prophage7
VLI092	0	filamentous_prophage8
VLI092	0	filamentous_prophage9
VLI092	0	filamentous_prophage_1-10
VLI092	1	pspC
VLI092	1	pspB
VLI092	1	pspA
VLI092	1	rovA/slyA
VLI092	1	lpp
VLI092	1	yfeA
VLI092	1	yfeB
VLI092	1	yfeC
VLI092	1	yfeD
VLI092	0.9576547	rcsA
VLI092	1	YPO2469
VLI092	1	YPO2487-YPO2489
VLI092	1	rbsA
VLI092	1	NghA
VLI092	1	ureD
VLI092	1	pgm
VLI092	1	YPO2729
VLI092	1	YPO2731
VLI092	1	yapC
VLI092	0.9764463	YPO2884
VLI092	1	ail
VLI092	1	YPO3046-YPO3047
VLI092	1	YPO3049
VLI092	1	cyoA
VLI092	1	cyoB
VLI092	1	cyoC
VLI092	1	cyoD
VLI092	1	cyoE
VLI092	1	brnQ
VLI092	1	gmhA
VLI092	1	HtrA
VLI092	1	YrbH
VLI092	1	vasK/YPO3603
VLI092	1	yapE
VLI092	1	yhjK
Y.pseudo	1	feoB
Y.pseudo	1	feoA
Y.pseudo	1	dam
Y.pseudo	1	nirC
Y.pseudo	1	crp/YPO0175
Y.pseudo	1	YPO0348
Y.pseudo	0	YPO0387
Y.pseudo	0	YPO0388
Y.pseudo	0	YPO0389/YPO0392a
Y.pseudo	0	YPO0391
Y.pseudo	0	YPO0392
Y.pseudo	0	YPO0393
Y.pseudo	0	YPO0394
Y.pseudo	0	YPO0394a
Y.pseudo	0	YPO0396
Y.pseudo	1	hmsT
Y.pseudo	1	YPO0498
Y.pseudo	1	gspE/YPO0815
Y.pseudo	1	YPO0862
Y.pseudo	1	speA
Y.pseudo	1	speC
Y.pseudo	1	YPO1119
Y.pseudo	1	YPO1120
Y.pseudo	1	YPO1201
Y.pseudo	1	psaE
Y.pseudo	1	psaF
Y.pseudo	1	psaA
Y.pseudo	1	psaB
Y.pseudo	1	psaC
Y.pseudo	1	YadBC/YPO1387
Y.pseudo	1	YadBC/YPO1388
Y.pseudo	1	YPO1501
Y.pseudo	1	phoQ
Y.pseudo	1	phoP
Y.pseudo	1	mgtC
Y.pseudo	1	mgtB
Y.pseudo	0.9806434	inv
Y.pseudo	1	fyuA/psn
Y.pseudo	1	high_pathogenicity_island
Y.pseudo	1	irp5/ybtE
Y.pseudo	1	irp4/ybtT
Y.pseudo	1	irp3/ybtU
Y.pseudo	1	irp1
Y.pseudo	1	irp2
Y.pseudo	1	ybtA
Y.pseudo	1	irp6/ybtP
Y.pseudo	1	irp7/ybtQ
Y.pseudo	1	irp8/ybtX
Y.pseudo	1	ybtS
Y.pseudo	1	RipA/YPO1926
Y.pseudo	1	hmsH
Y.pseudo	1	hmsF
Y.pseudo	1	hmsR
Y.pseudo	1	hmsS
Y.pseudo	1	YPO1956
Y.pseudo	1	YPO1973/hutC
Y.pseudo	1	YPO1986-YPO1987
Y.pseudo	1	znuB
Y.pseudo	1	znuC
Y.pseudo	1	znuA
Y.pseudo	1	msbB
Y.pseudo	0	YPO2087
Y.pseudo	0	YPO2088
Y.pseudo	0	YPO2089
Y.pseudo	0	YPO2090
Y.pseudo	0	YPO2091
Y.pseudo	0	YPO2093
Y.pseudo	0.064607	YPO2096-YPO2135
Y.pseudo	1	Ugd/YPO2174
Y.pseudo	1	YPO2258
Y.pseudo	0	filamentous_prophage1
Y.pseudo	0	filamentous_prophage2
Y.pseudo	0	filamentous_prophage3
Y.pseudo	0	filamentous_prophage4
Y.pseudo	0	filamentous_prophage5
Y.pseudo	0	filamentous_prophage6
Y.pseudo	0	filamentous_prophage7
Y.pseudo	0	filamentous_prophage8
Y.pseudo	0	filamentous_prophage9
Y.pseudo	0	filamentous_prophage_1-10
Y.pseudo	1	pspC
Y.pseudo	1	pspB
Y.pseudo	1	pspA
Y.pseudo	1	rovA/slyA
Y.pseudo	1	lpp
Y.pseudo	1	yfeA
Y.pseudo	1	yfeB
Y.pseudo	1	yfeC
Y.pseudo	1	yfeD
Y.pseudo	1	rcsA
Y.pseudo	0	YPO2469
Y.pseudo	1	YPO2487-YPO2489
Y.pseudo	1	rbsA
Y.pseudo	1	NghA
Y.pseudo	1	ureD
Y.pseudo	1	pgm
Y.pseudo	1	YPO2729
Y.pseudo	1	YPO2731
Y.pseudo	1	yapC
Y.pseudo	0.8603306	YPO2884
Y.pseudo	1	ail
Y.pseudo	1	YPO3046-YPO3047
Y.pseudo	1	YPO3049
Y.pseudo	1	cyoA
Y.pseudo	1	cyoB
Y.pseudo	1	cyoC
Y.pseudo	1	cyoD
Y.pseudo	1	cyoE
Y.pseudo	1	brnQ
Y.pseudo	1	gmhA
Y.pseudo	1	HtrA
Y.pseudo	1	YrbH
Y.pseudo	1	vasK/YPO3603
Y.pseudo	0.9878581	yapE
Y.pseudo	1	yhjK
1343UNTA85	1	feoB
1343UNTA85	1	feoA
1343UNTA85	1	dam
1343UNTA85	1	nirC
1343UNTA85	0.9984177	crp/YPO0175
1343UNTA85	1	YPO0348
1343UNTA85	1	YPO0387
1343UNTA85	1	YPO0388
1343UNTA85	1	YPO0389/YPO0392a
1343UNTA85	1	YPO0391
1343UNTA85	0.9944598	YPO0392
1343UNTA85	1	YPO0393
1343UNTA85	1	YPO0394
1343UNTA85	1	YPO0394a
1343UNTA85	1	YPO0396
1343UNTA85	1	hmsT
1343UNTA85	1	YPO0498
1343UNTA85	1	gspE/YPO0815
1343UNTA85	1	YPO0862
1343UNTA85	1	speA
1343UNTA85	1	speC
1343UNTA85	1	YPO1119
1343UNTA85	1	YPO1120
1343UNTA85	1	YPO1201
1343UNTA85	1	psaE
1343UNTA85	1	psaF
1343UNTA85	1	psaA
1343UNTA85	1	psaB
1343UNTA85	1	psaC
1343UNTA85	0.9990859	YadBC/YPO1387
1343UNTA85	1	YadBC/YPO1388
1343UNTA85	1	YPO1501
1343UNTA85	1	phoQ
1343UNTA85	1	phoP
1343UNTA85	0.9985915	mgtC
1343UNTA85	1	mgtB
1343UNTA85	1	inv
1343UNTA85	1	fyuA/psn
1343UNTA85	0.9997572	high_pathogenicity_island
1343UNTA85	1	irp5/ybtE
1343UNTA85	1	irp4/ybtT
1343UNTA85	1	irp3/ybtU
1343UNTA85	1	irp1
1343UNTA85	0.9998363	irp2
1343UNTA85	1	ybtA
1343UNTA85	0.9994451	irp6/ybtP
1343UNTA85	0.9972253	irp7/ybtQ
1343UNTA85	1	irp8/ybtX
1343UNTA85	1	ybtS
1343UNTA85	1	RipA/YPO1926
1343UNTA85	1	hmsH
1343UNTA85	0.9990104	hmsF
1343UNTA85	1	hmsR
1343UNTA85	1	hmsS
1343UNTA85	1	YPO1956
1343UNTA85	1	YPO1973/hutC
1343UNTA85	1	YPO1986-YPO1987
1343UNTA85	1	znuB
1343UNTA85	1	znuC
1343UNTA85	0.998954	znuA
1343UNTA85	0.9989605	msbB
1343UNTA85	1	YPO2087
1343UNTA85	1	YPO2088
1343UNTA85	1	YPO2089
1343UNTA85	1	YPO2090
1343UNTA85	1	YPO2091
1343UNTA85	1	YPO2093
1343UNTA85	0.9989283	YPO2096-YPO2135
1343UNTA85	1	Ugd/YPO2174
1343UNTA85	1	YPO2258
1343UNTA85	0	filamentous_prophage1
1343UNTA85	0	filamentous_prophage2
1343UNTA85	0	filamentous_prophage3
1343UNTA85	0	filamentous_prophage4
1343UNTA85	0	filamentous_prophage5
1343UNTA85	0	filamentous_prophage6
1343UNTA85	0	filamentous_prophage7
1343UNTA85	0	filamentous_prophage8
1343UNTA85	0	filamentous_prophage9
1343UNTA85	0	filamentous_prophage_1-10
1343UNTA85	0.9888579	pspC
1343UNTA85	1	pspB
1343UNTA85	1	pspA
1343UNTA85	1	rovA/slyA
1343UNTA85	1	lpp
1343UNTA85	1	yfeA
1343UNTA85	1	yfeB
1343UNTA85	1	yfeC
1343UNTA85	1	yfeD
1343UNTA85	1	rcsA
1343UNTA85	1	YPO2469
1343UNTA85	1	YPO2487-YPO2489
1343UNTA85	1	rbsA
1343UNTA85	0.9996242	NghA
1343UNTA85	1	ureD
1343UNTA85	0.9926963	pgm
1343UNTA85	1	YPO2729
1343UNTA85	1	YPO2731
1343UNTA85	0	yapC
1343UNTA85	0.9966942	YPO2884
1343UNTA85	1	ail
1343UNTA85	1	YPO3046-YPO3047
1343UNTA85	1	YPO3049
1343UNTA85	1	cyoA
1343UNTA85	0.9949774	cyoB
1343UNTA85	1	cyoC
1343UNTA85	1	cyoD
1343UNTA85	1	cyoE
1343UNTA85	1	brnQ
1343UNTA85	1	gmhA
1343UNTA85	1	HtrA
1343UNTA85	1	YrbH
1343UNTA85	1	vasK/YPO3603
1343UNTA85	1	yapE
1343UNTA85	0.9995425	yhjK
6POST	0.9697624	feoB
6POST	1	feoA
6POST	1	dam
6POST	0.9528536	nirC
6POST	0.9572785	crp/YPO0175
6POST	0.974234	YPO0348
6POST	0.9287446	YPO0387
6POST	0.9285714	YPO0388
6POST	0.9657795	YPO0389/YPO0392a
6POST	0.9849057	YPO0391
6POST	1	YPO0392
6POST	0.9368421	YPO0393
6POST	0.9930314	YPO0394
6POST	1	YPO0394a
6POST	0.9780453	YPO0396
6POST	0.9761092	hmsT
6POST	0.9838493	YPO0498
6POST	0.9933819	gspE/YPO0815
6POST	0.9903475	YPO0862
6POST	0.9742294	speA
6POST	0.9888992	speC
6POST	1	YPO1119
6POST	0.9950125	YPO1120
6POST	0.9310494	YPO1201
6POST	0.9363354	psaE
6POST	0.9692623	psaF
6POST	0.9327731	psaA
6POST	0.9598051	psaB
6POST	0.9502587	psaC
6POST	1	YadBC/YPO1387
6POST	0.9304069	YadBC/YPO1388
6POST	0.9548693	YPO1501
6POST	0.9449794	phoQ
6POST	0.9985097	phoP
6POST	0.9619718	mgtC
6POST	0.9762875	mgtB
6POST	0.9615594	inv
6POST	0.9223157	fyuA/psn
6POST	0.9537618	high_pathogenicity_island
6POST	0.9384908	irp5/ybtE
6POST	0.9663761	irp4/ybtT
6POST	0.9545454	irp3/ybtU
6POST	0.9617532	irp1
6POST	0.9433437	irp2
6POST	0.991658	ybtA
6POST	0.9894562	irp6/ybtP
6POST	0.9605994	irp7/ybtQ
6POST	0.9367188	irp8/ybtX
6POST	0.958589	ybtS
6POST	0.8956127	RipA/YPO1926
6POST	0.9647488	hmsH
6POST	0.9480456	hmsF
6POST	0.9317841	hmsR
6POST	0.9635974	hmsS
6POST	0.9568346	YPO1956
6POST	1	YPO1973/hutC
6POST	0.9707679	YPO1986-YPO1987
6POST	0.9057325	znuB
6POST	1	znuC
6POST	0.9864017	znuA
6POST	0.9449065	msbB
6POST	1	YPO2087
6POST	0.9425466	YPO2088
6POST	1	YPO2089
6POST	1	YPO2090
6POST	0.9871466	YPO2091
6POST	1	YPO2093
6POST	0.9563367	YPO2096-YPO2135
6POST	0.9427935	Ugd/YPO2174
6POST	0.9216738	YPO2258
6POST	0	filamentous_prophage1
6POST	0	filamentous_prophage2
6POST	0	filamentous_prophage3
6POST	0	filamentous_prophage4
6POST	0	filamentous_prophage5
6POST	0	filamentous_prophage6
6POST	0	filamentous_prophage7
6POST	0	filamentous_prophage8
6POST	0	filamentous_prophage9
6POST	0	filamentous_prophage_1-10
6POST	1	pspC
6POST	1	pspB
6POST	1	pspA
6POST	1	rovA/slyA
6POST	1	lpp
6POST	0.9835221	yfeA
6POST	0.9157304	yfeB
6POST	1	yfeC
6POST	0.9798432	yfeD
6POST	0.9723127	rcsA
6POST	1	YPO2469
6POST	0.9565517	YPO2487-YPO2489
6POST	0.9577181	rbsA
6POST	0.9473882	NghA
6POST	1	ureD
6POST	0.9799148	pgm
6POST	0.9682997	YPO2729
6POST	0.9784208	YPO2731
6POST	0	yapC
6POST	0.9880165	YPO2884
6POST	0.9470803	ail
6POST	0.9796972	YPO3046-YPO3047
6POST	0.8824195	YPO3049
6POST	0.9529288	cyoA
6POST	0.9126067	cyoB
6POST	0.9592834	cyoC
6POST	0.933735	cyoD
6POST	0.9539326	cyoE
6POST	0.9461713	brnQ
6POST	0.9535284	gmhA
6POST	0.9238755	HtrA
6POST	0.9807302	YrbH
6POST	0.9680158	vasK/YPO3603
6POST	0.9227895	yapE
6POST	0.9702653	yhjK
